id,category,prompt_text_en,response_text_en,target_keyword_en,target_phoneme,acoustic_foil_en,semantic_foil_en,plausible_foil_en,difficulty,tier,source_row_id,source_language,target_language,translation_status,prompt_text_es,response_text_es,target_keyword_es,acoustic_foil_es,semantic_foil_es,plausible_foil_es
conv_appt_001,appointments,What time is the appointment?,It's at three thirty.,three thirty,/θ/,four fifteen,on Tuesday,not sure yet,2,free,conv_appt_001,en,es,machine_translated,¿A qué hora es la cita?,Son las tres y media.,tres y media,cuatro quince,el martes,no estoy seguro todavía
conv_appt_002,appointments,When should I arrive?,Please come fifteen minutes early.,fifteen minutes,/f/,fifty minutes early,after lunch,whenever you can,2,free,conv_appt_002,en,es,machine_translated,¿Cuándo debo llegar?,Por favor venga quince minutos antes.,quince minutos,cincuenta minutos antes,después del almuerzo,siempre que puedas
conv_appt_003,appointments,Which doctor am I seeing?,You're seeing Doctor Miller.,Doctor Miller,/m/,Doctor Wheeler,the specialist,the one on call,2,free,conv_appt_003,en,es,machine_translated,¿A qué médico estoy viendo?,Estás viendo al Doctor Miller.,doctor molinero,Doctor Wheeler,el especialista,el que está de guardia
conv_appt_004,appointments,What floor is the office on?,It's on the third floor.,third floor,/θ/,first floor,the main building,take the elevator,2,free,conv_appt_004,en,es,machine_translated,¿En qué piso está la oficina?,Está en el tercer piso.,tercer piso,primer piso,el edificio principal,tomar el ascensor
conv_appt_005,appointments,Do I need to bring anything?,Bring your insurance card.,insurance card,/ʃ/,insurance form,all your paperwork,just yourself,2,free,conv_appt_005,en,es,machine_translated,¿Necesito traer algo?,Traiga su tarjeta de seguro.,tarjeta de seguro,formulario de seguro,todo tu papeleo,solo tu mismo
conv_appt_006,appointments,How long will it take?,About forty-five minutes.,forty-five,/f/,twenty-five minutes,the whole morning,depends on results,3,free,conv_appt_006,en,es,machine_translated,¿Cuánto tiempo tardará?,Unos cuarenta y cinco minutos.,Cuarenta y cinco,veinticinco minutos,toda la mañana,depende de los resultados
conv_appt_007,appointments,Can I reschedule?,"Yes, call us tomorrow morning.",tomorrow morning,/m/,tomorrow evening,as soon as possible,whenever works,2,free,conv_appt_007,en,es,machine_translated,¿Puedo reprogramar?,"Sí, llámanos mañana por la mañana.",mañana por la mañana,noche de mañana,lo antes posible,siempre que funcione
conv_appt_008,appointments,Is parking available?,"Yes, use the garage on Main Street.",Main Street,/s/,First Street,behind the building,there's a lot nearby,3,free,conv_appt_008,en,es,machine_translated,¿Hay estacionamiento disponible?,"Sí, usa el garaje de Main Street.",Calle principal,Primera calle,detrás del edificio,hay mucho cerca
conv_appt_009,appointments,What's the copay?,Twenty-five dollars.,Twenty-five,/t/,Thirty-five dollars,depends on insurance,we'll bill you later,2,free,conv_appt_009,en,es,machine_translated,¿Cuál es el copago?,Veinticinco dólares.,Veinticinco,treinta y cinco dolares,depende del seguro,te facturaremos más tarde
conv_appt_010,appointments,Is the doctor running late?,About fifteen minutes behind.,fifteen minutes,/f/,fifty minutes behind,quite a while,just a little,2,free,conv_appt_010,en,es,machine_translated,¿El médico llega tarde?,Unos quince minutos atrás.,quince minutos,cincuenta minutos detrás,un buen rato,solo un poco
conv_dir_001,directions,Where is the pharmacy?,It's on the corner of Fifth and Oak.,Fifth and Oak,/f/,Sixth and Oak,down the street,I'm not sure,2,free,conv_dir_001,en,es,machine_translated,¿Dónde está la farmacia?,Está en la esquina de Fifth y Oak.,Quinto y Roble,Sexto y Roble,por la calle,No estoy seguro
conv_dir_002,directions,How do I get to the elevator?,Go straight and turn left at the end.,turn left,/l/,turn right,keep going straight,it's near the entrance,2,free,conv_dir_002,en,es,machine_translated,¿Cómo llego al ascensor?,Siga recto y al final gire a la izquierda.,Gire a la izquierda,Gire a la derecha,sigue recto,esta cerca de la entrada
conv_dir_003,directions,Which bus goes downtown?,Take the number twelve.,number twelve,/t/,number twenty,the blue line,any of them work,2,free,conv_dir_003,en,es,machine_translated,¿Qué autobús va al centro?,Tome el número doce.,numero doce,numero veinte,la linea azul,cualquiera de ellos funciona
conv_dir_004,directions,Is the hospital nearby?,It's about three blocks north.,three blocks,/θ/,two blocks north,pretty close by,take a taxi,2,free,conv_dir_004,en,es,machine_translated,¿Está el hospital cerca?,Está como tres cuadras al norte.,tres cuadras,dos cuadras al norte,bastante cerca,tomar un taxi
conv_dir_005,directions,Where can I park?,There's a lot behind the building.,behind the building,/b/,beside the building,on the street,anywhere you find,2,free,conv_dir_005,en,es,machine_translated,¿Dónde puedo estacionar?,Hay mucho detrás del edificio.,detrás del edificio,al lado del edificio,en la calle,en cualquier lugar que encuentres
conv_dir_006,directions,Which exit should I take?,Take exit forty-two.,exit forty-two,/f/,exit thirty-two,the next one,keep driving,2,free,conv_dir_006,en,es,machine_translated,¿Qué salida debo tomar?,Tome la salida cuarenta y dos.,salida cuarenta y dos,salida treinta y dos,el siguiente,sigue conduciendo
conv_dir_007,directions,Is it far from here?,About ten minutes by car.,ten minutes,/t/,twenty minutes,walking distance,depends on traffic,2,free,conv_dir_007,en,es,machine_translated,¿Está lejos de aquí?,Unos diez minutos en coche.,diez minutos,veinte minutos,distancia a pie,depende del trafico
conv_dir_008,directions,Where's the nearest ATM?,Inside the grocery store on Pine.,Pine,/p/,Vine,around the corner,I'll show you,3,free,conv_dir_008,en,es,machine_translated,¿Dónde está el cajero automático más cercano?,Dentro de la tienda de comestibles en Pine.,Pino,Enredadera,a la vuelta de la esquina,te mostraré
conv_dir_009,directions,How do I find your office?,Take the stairs to the second floor.,second floor,/s/,seventh floor,down the hall,follow the signs,2,free,conv_dir_009,en,es,machine_translated,¿Cómo encuentro su oficina?,Sube las escaleras hasta el segundo piso.,segundo piso,séptimo piso,por el pasillo,sigue las señales
conv_dir_010,directions,What's the address?,Four fifteen Main Street.,Four fifteen,/f/,Five fifteen,on the corner,I'll text it to you,2,free,conv_dir_010,en,es,machine_translated,¿Cuál es la dirección?,Calle Principal Cuatro Quince.,cuatro quince,cinco quince,sobre rincón,Te lo enviaré por mensaje de texto
conv_phone_001,phone_calls,Who called while I was out?,Your sister called twice.,sister,/s/,mister,a family member,someone important,2,free,conv_phone_001,en,es,machine_translated,¿Quién llamó mientras estaba fuera?,Tu hermana llamó dos veces.,hermana,señor,un miembro de la familia,alguien importante
conv_phone_002,phone_calls,Did they leave a message?,"Yes, call back before five.",before five,/f/,before nine,as soon as possible,when you get a chance,2,free,conv_phone_002,en,es,machine_translated,¿Dejaron un mensaje?,"Sí, vuelve a llamar antes de las cinco.",antes de las cinco,antes de las nueve,lo antes posible,cuando tengas la oportunidad
conv_phone_003,phone_calls,What was the callback number?,"Five five five, three four two one.",three four two one,/θ/,three five two one,the main office,I wrote it down,3,free,conv_phone_003,en,es,machine_translated,¿Cuál fue el número de devolución de llamada?,"Cinco cinco cinco, tres cuatro dos uno.",tres cuatro dos uno,tres cinco dos uno,la oficina principal,lo escribi
conv_phone_004,phone_calls,Was it urgent?,They said it's quite important.,quite important,/k/,not important,fairly urgent,just checking in,2,free,conv_phone_004,en,es,machine_translated,¿Era urgente?,Dijeron que es bastante importante.,bastante importante,no es importante,bastante urgente,solo registrandome
conv_phone_005,phone_calls,When did they call?,Around two thirty this afternoon.,two thirty,/θ/,two thirteen,earlier today,a while ago,2,free,conv_phone_005,en,es,machine_translated,¿Cuándo llamaron?,Alrededor de las dos y media de esta tarde.,dos y media,dos trece,hoy más temprano,hace un tiempo
conv_phone_006,phone_calls,Did the doctor's office call?,"Yes, your results are ready.",results are ready,/r/,prescription is ready,appointment confirmed,they'll call again,2,free,conv_phone_006,en,es,machine_translated,¿Llamó el consultorio del médico?,"Sí, tus resultados están listos.",los resultados están listos,la prescripción está lista,cita confirmada,volverán a llamar
conv_phone_007,phone_calls,Any messages from work?,The meeting moved to Thursday.,Thursday,/θ/,Tuesday,next week,they didn't say when,2,free,conv_phone_007,en,es,machine_translated,¿Algún mensaje del trabajo?,La reunión se trasladó al jueves.,Jueves,Martes,la próxima semana,no dijeron cuando
conv_phone_008,phone_calls,Who was on the voicemail?,Someone from the insurance company.,insurance company,/ʃ/,finance company,the bank,didn't recognize them,3,free,conv_phone_008,en,es,machine_translated,¿Quién estaba en el correo de voz?,Alguien de la compañía de seguros.,compañía aseguradora,compañía financiera,el banco,no los reconocí
conv_phone_009,phone_calls,What time should I call back?,Before six o'clock.,six o'clock,/s/,seven o'clock,business hours,whenever you can,2,free,conv_phone_009,en,es,machine_translated,¿A qué hora debo volver a llamar?,Antes de las seis.,seis en punto,siete en punto,horario comercial,siempre que puedas
conv_phone_010,phone_calls,Did they say what it was about?,Regarding your claim from last month.,last month,/l/,this month,the recent paperwork,not specifically,3,free,conv_phone_010,en,es,machine_translated,¿Dijeron de qué se trataba?,Respecto a su reclamo del mes pasado.,mes pasado,este mes,el papeleo reciente,no específicamente
conv_shop_001,shopping,How much does this cost?,That's thirty-nine ninety-nine.,thirty-nine,/θ/,twenty-nine ninety-nine,about forty dollars,let me check,2,free,conv_shop_001,en,es,machine_translated,¿Cuánto cuesta esto?,Eso es treinta y nueve noventa y nueve.,treinta y nueve,veintinueve noventa y nueve,unos cuarenta dolares,permítame verificar
conv_shop_002,shopping,Do you have this in blue?,"Yes, in the back on the left.",back on the left,/l/,back on the right,over there,I can check,2,free,conv_shop_002,en,es,machine_translated,¿Tienes esto en azul?,"Sí, atrás a la izquierda.",de vuelta a la izquierda,de vuelta a la derecha,allí,puedo comprobar
conv_shop_003,shopping,Is this on sale?,Twenty percent off today only.,Twenty percent,/t/,Thirty percent,for members only,it's full price,2,free,conv_shop_003,en,es,machine_translated,¿Está esto en oferta?,Veinte por ciento de descuento solo hoy.,Veinte por ciento,treinta por ciento,solo para miembros,es precio completo
conv_shop_004,shopping,When does the store close?,At nine thirty tonight.,nine thirty,/θ/,nine fifteen,in about an hour,soon,2,free,conv_shop_004,en,es,machine_translated,¿Cuándo cierra la tienda?,A las nueve y media de esta noche.,nueve y media,nueve quince,en aproximadamente una hora,pronto
conv_shop_005,shopping,Can I return this?,"Yes, within thirty days with receipt.",thirty days,/θ/,sixty days,two weeks,depends on the item,2,free,conv_shop_005,en,es,machine_translated,¿Puedo devolver esto?,"Sí, dentro de los treinta días siguientes a la recepción.",treinta dias,sesenta dias,dos semanas,depende del artículo
conv_shop_006,shopping,Do you take credit cards?,We accept all major cards.,all major cards,/k/,cash only please,most credit cards,depends on the amount,2,free,conv_shop_006,en,es,machine_translated,¿Aceptas tarjetas de crédito?,Aceptamos todas las tarjetas principales.,todas las cartas principales,solo efectivo por favor,la mayoría de las tarjetas de crédito,depende de la cantidad
conv_shop_007,shopping,Where are the batteries?,"Aisle seven, near the front.",Aisle seven,/s/,Aisle eleven,in electronics,I can show you,2,free,conv_shop_007,en,es,machine_translated,¿Dónde están las baterías?,"Pasillo siete, cerca del frente.",Pasillo siete,Pasillo once,en electronica,puedo mostrarte
conv_shop_008,shopping,Is there a fitting room?,"Yes, around the corner on your right.",on your right,/r/,on your left,straight ahead,just past checkout,2,free,conv_shop_008,en,es,machine_translated,¿Hay un probador?,"Sí, doblando la esquina a tu derecha.",a tu derecha,a tu izquierda,todo derecho,acaba de pasar la caja
conv_shop_009,shopping,Do you have a smaller size?,Let me check in the stockroom.,in the stockroom,/s/,in the showroom,I'll look,we might be out,3,free,conv_shop_009,en,es,machine_translated,¿Tienes un tamaño más pequeño?,Déjame comprobarlo en el almacén.,en el almacén,en la sala de exposición,voy a mirar,podríamos estar fuera
conv_shop_010,shopping,What's your return policy?,Full refund within fourteen days.,fourteen days,/f/,forty days,two weeks,store credit only,2,free,conv_shop_010,en,es,machine_translated,¿Cuál es su política de devolución?,Reembolso completo en un plazo de catorce días.,catorce dias,cuarenta dias,dos semanas,crédito de tienda solamente
conv_social_001,social,How was your weekend?,It was really relaxing.,really relaxing,/r/,pretty exhausting,quite busy,same as always,1,free,conv_social_001,en,es,machine_translated,¿Cómo estuvo tu fin de semana?,Fue realmente relajante.,realmente relajante,bastante agotador,bastante ocupado,igual que siempre
conv_social_002,social,Have you eaten lunch yet?,"Yes, about an hour ago.",an hour ago,/r/,half an hour ago,not yet,just finished,1,free,conv_social_002,en,es,machine_translated,¿Ya almorzaste?,"Sí, hace aproximadamente una hora.",hace una hora,hace media hora,aún no,recién terminado
conv_social_003,social,Are you coming to the party?,"Yes, I'll be there around seven.",around seven,/s/,around eleven,in the evening,hopefully,1,free,conv_social_003,en,es,machine_translated,¿Vienes a la fiesta?,"Sí, estaré allí alrededor de las siete.",alrededor de las siete,alrededor de las once,por la tarde,con un poco de suerte
conv_social_004,social,Did you hear the news?,"Yes, isn't it surprising?",surprising,/s/,concerning,wonderful news,I haven't yet,2,free,conv_social_004,en,es,machine_translated,¿Escuchaste la noticia?,"Sí, ¿no es sorprendente?",sorprendente,sobre,maravillosas noticias,todavía no lo he hecho
conv_social_005,social,What are you doing this weekend?,Visiting my parents upstate.,parents upstate,/p/,grandparents upstate,staying home,not sure yet,2,free,conv_social_005,en,es,machine_translated,¿Qué vas a hacer este fin de semana?,Visitando a mis padres en el norte del estado.,padres al norte del estado,abuelos al norte del estado,quedarse en casa,no estoy seguro todavía
conv_social_006,social,How's your family doing?,"Everyone's doing well, thanks.",doing well,/w/,doing fine,same as usual,been better,1,free,conv_social_006,en,es,machine_translated,¿Cómo está tu familia?,"Todos están bien, gracias.",haciendo bien,haciendo bien,lo mismo de siempre,estado mejor
conv_social_007,social,Would you like some coffee?,"Yes please, with cream.",with cream,/k/,with sugar,black is fine,just water,1,free,conv_social_007,en,es,machine_translated,¿Quieres un poco de café?,"Si por favor, con crema.",con crema,con azúcar,el negro está bien,solo agua
conv_social_008,social,What do you think of the weather?,It's supposed to rain later.,rain later,/r/,snow later,clear up soon,hard to tell,2,free,conv_social_008,en,es,machine_translated,¿Qué opinas del clima?,Se supone que lloverá más tarde.,llueve más tarde,nieve más tarde,aclarar pronto,difícil de decir
conv_social_009,social,Are you feeling better?,"Much better, thank you for asking.",much better,/b/,a little better,same as yesterday,still recovering,1,free,conv_social_009,en,es,machine_translated,¿Te sientes mejor?,"Mucho mejor, gracias por preguntar.",mucho mejor,un poco mejor,igual que ayer,todavía recuperándose
conv_social_010,social,Can you help me with something?,"Of course, what do you need?",what do you need,/n/,what can I do,sure thing,I'm kind of busy,1,free,conv_social_010,en,es,machine_translated,¿Puedes ayudarme con algo?,"Por supuesto, ¿qué necesitas?",Qué necesitas,Qué puedo hacer,cosa segura,estoy un poco ocupado
conv_social_011,social,Where did you go on vacation?,We went to the beach in Florida.,beach in Florida,/f/,mountains in Colorado,stayed local,haven't gone yet,2,free,conv_social_011,en,es,machine_translated,¿Adónde fuiste de vacaciones?,Fuimos a la playa en Florida.,playa en florida,montañas en colorado,se mantuvo local,no he ido todavía
conv_social_012,social,What time is dinner?,We're eating at six thirty.,six thirty,/s/,seven thirty,around sunset,whenever you're ready,2,free,conv_social_012,en,es,machine_translated,¿A qué hora es la cena?,Vamos a comer a las seis y media.,seis y media,siete y media,alrededor del atardecer,cuando estés listo
conv_social_013,social,Did you watch the game last night?,"Yes, the final score was three to one.",three to one,/θ/,two to one,a close game,I missed it,2,free,conv_social_013,en,es,machine_translated,¿Viste el partido anoche?,"Sí, el marcador final fue de tres a uno.",tres a uno,dos a uno,un juego cerrado,me lo perdí
conv_social_014,social,How long have you lived here?,About fifteen years now.,fifteen years,/f/,fifty years,most of my life,not very long,2,free,conv_social_014,en,es,machine_translated,¿Cuánto tiempo llevas viviendo aquí?,Hace unos quince años.,quince años,cincuenta años,la mayor parte de mi vida,no muy largo
conv_social_015,social,What do you do for work?,I'm a software engineer.,software engineer,/s/,systems engineer,I work in tech,this and that,2,free,conv_social_015,en,es,machine_translated,¿Qué haces para trabajar?,Soy ingeniero de software.,ingeniero de software,ingeniero de sistemas,yo trabajo en tecnología,esto y aquello
conv_social_016,social,Is this seat taken?,"No, please sit down.",please sit down,/s/,it's reserved,go ahead,someone's coming,1,free,conv_social_016,en,es,machine_translated,¿Está libre este asiento?,"No, por favor siéntate.",por favor siéntate,esta reservado,adelante,alguien viene
conv_social_017,social,Nice to meet you!,The pleasure is mine.,pleasure is mine,/ʒ/,nice meeting you,same here,likewise,1,free,conv_social_017,en,es,machine_translated,¡Encantado de conocerlo!,El placer es mío.,el placer es mio,encantado de conocerte,aquí igual,asimismo
conv_social_018,social,What time did you get here?,Around eight this morning.,eight this morning,/θ/,late this morning,just now,a while ago,2,free,conv_social_018,en,es,machine_translated,¿A qué hora llegaste aquí?,Alrededor de las ocho de esta mañana.,ocho esta mañana,tarde esta mañana,En este momento,hace un tiempo
conv_social_019,social,Are you from around here?,"No, I moved from Boston.",moved from Boston,/b/,grew up in Austin,just visiting,been here forever,2,free,conv_social_019,en,es,machine_translated,¿Eres de por aquí?,"No, me mudé de Boston.",se mudó de boston,creció en austin,solo visitando,estado aquí para siempre
conv_social_020,social,What are your plans tonight?,Meeting friends for dinner at eight.,dinner at eight,/t/,dinner at nine,staying in,no specific plans,2,free,conv_social_020,en,es,machine_translated,¿Cuáles son tus planes esta noche?,Quedarse con amigos para cenar a las ocho.,cena a las ocho,cena a las nueve,quedarse en,sin planes específicos
conv_med_001,medical,What did the doctor say?,Take two pills twice daily.,two pills twice daily,/t/,three pills twice daily,rest for a week,call back tomorrow,3,free,conv_med_001,en,es,machine_translated,¿Qué dijo el médico?,Tome dos pastillas dos veces al día.,dos pastillas dos veces al día,tres pastillas dos veces al día,descansar por una semana,vuelve a llamar mañana
conv_med_002,medical,When should I take the medicine?,With food in the morning.,with food,/f/,before food,at bedtime,whenever you remember,2,free,conv_med_002,en,es,machine_translated,¿Cuándo debo tomar el medicamento?,Con comida por la mañana.,con comida,antes de la comida,a la hora de dormir,siempre que lo recuerdes
conv_med_003,medical,How are you feeling today?,Much better than yesterday.,better than yesterday,/b/,worse than yesterday,about the same,hard to say,2,free,conv_med_003,en,es,machine_translated,¿Cómo te sientes hoy?,Mucho mejor que ayer.,mejor que ayer,peor que ayer,casi lo mismo,difícil de decir
conv_med_004,medical,Did you get your test results?,"Yes, everything looks normal.",looks normal,/n/,looks abnormal,still waiting,need more tests,2,free,conv_med_004,en,es,machine_translated,¿Recibiste los resultados de tu prueba?,"Sí, todo parece normal.",parece normal,parece anormal,todavía esperando,necesito más pruebas
conv_med_005,medical,What symptoms are you having?,Mostly headaches and fatigue.,headaches and fatigue,/f/,fever and chills,just tired,nothing specific,2,free,conv_med_005,en,es,machine_translated,¿Qué síntomas tienes?,Principalmente dolores de cabeza y fatiga.,dolores de cabeza y fatiga,fiebre y escalofríos,simplemente cansado,nada especifico
conv_med_006,medical,Should I take any precautions?,Avoid heavy lifting for two weeks.,two weeks,/w/,three weeks,a few days,until you feel better,3,free,conv_med_006,en,es,machine_translated,¿Debo tomar alguna precaución?,Evite levantar objetos pesados ​​durante dos semanas.,dos semanas,tres semanas,algunos días,hasta que te sientas mejor
conv_med_007,medical,Is the procedure painful?,You might feel slight pressure.,slight pressure,/p/,sharp pain,nothing at all,mild discomfort,3,free,conv_med_007,en,es,machine_translated,¿Es doloroso el procedimiento?,Es posible que sienta una ligera presión.,ligera presión,dolor agudo,nada en absoluto,malestar leve
conv_med_008,medical,When is my next appointment?,In three weeks on a Wednesday.,three weeks on Wednesday,/θ/,two weeks on Thursday,next month,we'll call you,3,free,conv_med_008,en,es,machine_translated,¿Cuándo es mi próxima cita?,En tres semanas un miércoles.,tres semanas el miércoles,dos semanas el jueves,mes próximo,te llamaremos
conv_med_009,medical,Can I drive after the procedure?,"No, have someone else drive you.",someone else drive,/s/,you can drive yourself,wait an hour,depends how you feel,3,free,conv_med_009,en,es,machine_translated,¿Puedo conducir después del procedimiento?,"No, haz que otra persona te lleve.",alguien más conduce,puedes conducir tu mismo,espera una hora,depende como te sientas
conv_med_010,medical,How many refills do I have?,You have three refills left.,three refills,/θ/,two refills left,none remaining,call to check,2,free,conv_med_010,en,es,machine_translated,¿Cuántas recargas tengo?,Te quedan tres recargas.,tres recargas,quedan dos recargas,no queda ninguno,llama para comprobar
conv_med_011,medical,What's my blood pressure?,One twenty over eighty.,one twenty over eighty,/t/,one thirty over ninety,perfectly normal,a little high,3,free,conv_med_011,en,es,machine_translated,¿Cuál es mi presión arterial?,Uno veinte sobre ochenta.,uno veinte sobre ochenta,uno treinta sobre noventa,perfectamente normal,un poco alto
conv_med_012,medical,Are there any side effects?,Possible drowsiness and dry mouth.,drowsiness,/z/,dizziness,nothing major,mild nausea,3,free,conv_med_012,en,es,machine_translated,¿Hay algún efecto secundario?,Posible somnolencia y sequedad de boca.,modorra,mareo,nada importante,náuseas leves
conv_med_013,medical,When will the stitches come out?,In about seven to ten days.,seven to ten days,/s/,four to five days,at your follow-up,when they dissolve,3,free,conv_med_013,en,es,machine_translated,¿Cuándo saldrán los puntos?,En unos siete a diez días.,siete a diez días,cuatro a cinco días,en tu seguimiento,cuando se disuelven
conv_med_014,medical,Should I continue my other medications?,"Yes, except the blood thinner.",except the blood thinner,/θ/,except the pain medicine,all of them,check the list,3,free,conv_med_014,en,es,machine_translated,¿Debo continuar con mis otros medicamentos?,"Sí, excepto el anticoagulante.",excepto el anticoagulante,excepto el analgésico,todos,revisa la lista
conv_med_015,medical,How long until I see improvement?,Usually within one to two weeks.,one to two weeks,/w/,three to four weeks,a few days,varies by person,3,free,conv_med_015,en,es,machine_translated,¿Cuánto tiempo hasta que vea una mejora?,Generalmente dentro de una o dos semanas.,una o dos semanas,tres a cuatro semanas,algunos días,varía según la persona
conv_med_016,medical,Can I eat before the test?,No food or drink after midnight.,after midnight,/m/,after breakfast,light meal is fine,only water,2,free,conv_med_016,en,es,machine_translated,¿Puedo comer antes de la prueba?,No comer ni beber después de medianoche.,después de medianoche,despues del desayuno,la comida ligera está bien,solo agua
conv_med_017,medical,Where should I apply the cream?,On the affected area twice daily.,affected area,/f/,infected area,the whole body,as needed,3,free,conv_med_017,en,es,machine_translated,¿Dónde debo aplicar la crema?,En la zona afectada dos veces al día.,zona afectada,área infectada,todo el cuerpo,según sea necesario
conv_med_018,medical,Is this medicine safe during pregnancy?,Consult your OB before taking it.,consult your OB,/k/,definitely safe,avoid completely,only in third trimester,3,free,conv_med_018,en,es,machine_translated,¿Es seguro este medicamento durante el embarazo?,Consulte a su obstetra antes de tomarlo.,consulte a su obstetra,definitivamente seguro,evitar completamente,solo en el tercer trimestre
conv_med_019,medical,What if I miss a dose?,Take it as soon as you remember.,as soon as you remember,/s/,skip it entirely,double the next dose,wait until tomorrow,2,free,conv_med_019,en,es,machine_translated,¿Qué pasa si me olvido de una dosis?,Tómalo tan pronto como lo recuerdes.,tan pronto como lo recuerdes,omítelo por completo,duplicar la siguiente dosis,espera hasta mañana
conv_med_020,medical,Do I need to fast for blood work?,"Yes, no eating for twelve hours.",twelve hours,/t/,eight hours,not necessary,just light snacks,2,free,conv_med_020,en,es,machine_translated,¿Necesito ayunar para los análisis de sangre?,"Sí, no comer durante doce horas.",doce horas,ocho horas,no es necesario,solo refrigerios ligeros
conv_081,greetings,"Hi there, how are you doing?","I'm doing great, thanks for asking.",great,/ɡ/,late,good,fine,1,1,conv_081,en,es,machine_translated,"Hola, ¿cómo estás?","Estoy muy bien, gracias por preguntar.",excelente,tarde,bien,bien
conv_082,greetings,Good morning! Did you sleep well?,"Yes, I slept like a log.",slept,/s/,swept,rested,dozed,1,1,conv_082,en,es,machine_translated,¡Buen día! ¿Dormiste bien?,"Sí, dormí como un tronco.",durmió,barrido,descansado,dormitado
conv_083,greetings,"Hey, long time no see!",It's been at least three months.,three months,/θ/,three weeks,a while,too long,2,1,conv_083,en,es,machine_translated,"¡Oye, mucho tiempo sin verte!",Han pasado al menos tres meses.,tres meses,tres semanas,Un rato,demasiado tiempo
conv_084,greetings,How's everything going with you?,Things have been pretty hectic lately.,hectic,/k/,frantic,busy,stressful,2,2,conv_084,en,es,machine_translated,¿Cómo te va todo?,Las cosas han estado bastante agitadas últimamente.,agitado,frenético,ocupado,lleno de tensión
conv_085,greetings,Welcome back! How was your trip?,It was absolutely fantastic.,fantastic,/f/,dramatic,wonderful,interesting,2,2,conv_085,en,es,machine_translated,¡Bienvenido de nuevo! ¿Cómo estuvo tu viaje?,Fue absolutamente fantástico.,fantástico,dramático,maravilloso,interesante
conv_086,greetings,"Nice to see you again, Sharon.","Likewise, it's always a pleasure.",pleasure,/ʒ/,treasure,delight,honor,3,2,conv_086,en,es,machine_translated,"Qué bueno verte de nuevo, Sharon.",Igualmente siempre es un placer.,placer,tesoro,deleitar,honor
conv_087,greetings,I don't think we've met before.,"No, I'm Charles from accounting.",Charles,/tʃ/,Carlos,the new hire,the manager,3,2,conv_087,en,es,machine_translated,No creo que nos hayamos conocido antes.,"No, soy Charles de contabilidad.",carlos,carlos,el nuevo empleado,el gerente
conv_088,greetings,Good evening! Are you here for the event?,"Yes, I've been looking forward to this for weeks.",for weeks,/f/,for months,all day,quite a bit,3,3,conv_088,en,es,machine_translated,¡Buenas noches! ¿Estás aquí para el evento?,"Sí, he estado esperando esto durante semanas.",durante semanas,durante meses,todo el día,bastante
conv_089,small_talk,Can you believe how fast this year is going?,"I know, it's already the middle of February.",February,/f/,January,springtime,the new year,2,1,conv_089,en,es,machine_translated,¿Puedes creer lo rápido que va este año?,"Lo sé, ya estamos a mediados de febrero.",Febrero,Enero,primavera,el año nuevo
conv_090,small_talk,Did you catch the game last night?,"No, I fell asleep on the couch.",fell asleep,/f/,felt sick,missed it,was out,2,1,conv_090,en,es,machine_translated,¿Viste el partido anoche?,"No, me quedé dormido en el sofá.",se quedó dormido,me sentí enfermo,lo perdí,estaba fuera
conv_091,small_talk,Have you tried that new restaurant on Fifth?,"Yes, the shrimp pasta was incredible.",shrimp,/ʃ/,crimp,lobster,chicken,3,2,conv_091,en,es,machine_translated,¿Has probado ese nuevo restaurante en la Quinta?,"Sí, la pasta con camarones estuvo increíble.",camarón,rizar,langosta,pollo
conv_092,small_talk,What are you reading these days?,A thriller by Stephen King.,thriller,/θ/,filler,mystery,biography,2,2,conv_092,en,es,machine_translated,¿Qué estás leyendo estos días?,Un thriller de Stephen King.,suspenso,relleno,misterio,biografía
conv_093,small_talk,Do you have any pets?,We have two cats and a fish tank.,fish tank,/f/,dish rack,aquarium,bird cage,2,1,conv_093,en,es,machine_translated,¿Tienes alguna mascota?,Tenemos dos gatos y una pecera.,pecera,estante para platos,acuario,jaula de pájaros
conv_094,small_talk,What did you do over the holiday?,We drove up to the mountains for some fresh air.,fresh air,/f/,brisk walk,good scenery,relaxation,3,2,conv_094,en,es,machine_translated,¿Qué hiciste durante las vacaciones?,Condujimos hasta las montañas para tomar un poco de aire fresco.,aire fresco,caminata rápida,buen paisaje,relajación
conv_095,small_talk,Have you seen any good shows lately?,There's a fascinating documentary on streaming.,fascinating,/f/,captivating,interesting,entertaining,3,3,conv_095,en,es,machine_translated,¿Has visto algún buen programa últimamente?,Hay un documental fascinante en streaming.,fascinante,cautivador,interesante,entretenido
conv_096,small_talk,How's your garden coming along?,The sunflowers are finally starting to bloom.,sunflowers,/s/,cornflowers,roses,tulips,3,2,conv_096,en,es,machine_translated,¿Cómo va tu jardín?,Los girasoles por fin empiezan a florecer.,girasoles,acianos,rosas,tulipanes
conv_097,directions,Which way to the train station?,Go straight for two blocks then turn right on Seventh.,Seventh,/s/,Eleventh,the next street,the main road,2,1,conv_097,en,es,machine_translated,¿Qué camino a la estación de tren?,Siga recto durante dos cuadras y luego gire a la derecha en Seventh.,Séptimo,Undécimo,la siguiente calle,la carretera principal
conv_098,directions,Can you tell me where the library is?,It's across the street from the church on Maple.,church on Maple,/tʃ/,church on Main,the big building,right around here,3,2,conv_098,en,es,machine_translated,¿Puedes decirme dónde está la biblioteca?,Está al otro lado de la calle de la iglesia en Maple.,iglesia en arce,iglesia en principal,el gran edificio,justo por aquí
conv_099,directions,I'm lost. Where is Cherry Lane?,Take your third right after the traffic light.,third right,/θ/,first right,next turn,second left,2,2,conv_099,en,es,machine_translated,Estoy perdido. ¿Dónde está Cherry Lane?,Tome la tercera a la derecha después del semáforo.,tercera derecha,primera a la derecha,siguiente turno,segundo a la izquierda
conv_100,directions,How far is the airport from here?,About thirty-five minutes on the highway.,thirty-five minutes,/θ/,twenty-five minutes,half an hour,depends on traffic,3,2,conv_100,en,es,machine_translated,¿A qué distancia está el aeropuerto de aquí?,Unos treinta y cinco minutos por carretera.,treinta y cinco minutos,veinticinco minutos,media hora,depende del trafico
conv_101,directions,Where's the closest gas station?,There's a Shell station about a mile south.,Shell station,/ʃ/,cell station,fuel stop,service center,2,1,conv_101,en,es,machine_translated,¿Dónde está la gasolinera más cercana?,Hay una estación Shell a un kilómetro y medio al sur.,Estación de concha,estación celular,parada de combustible,centro de servicio
conv_102,directions,Do I stay on this road?,"No, merge onto the freeway at exit fourteen.",exit fourteen,/f/,exit forty,the next ramp,keep going straight,3,2,conv_102,en,es,machine_translated,¿Me quedo en este camino?,"No, incorpórese a la autopista en la salida catorce.",salida catorce,salida cuarenta,la siguiente rampa,sigue recto
conv_103,directions,Which floor is the dentist on?,"The sixth floor, suite six twelve.",sixth floor,/s/,fifth floor,top floor,second floor,2,2,conv_103,en,es,machine_translated,¿En qué piso está el dentista?,"El sexto piso, suite seis doce.",sexto piso,quinto piso,último piso,segundo piso
conv_104,directions,Is there a shortcut to avoid traffic?,"Yes, take Chester Avenue instead of the highway.",Chester Avenue,/tʃ/,Lester Avenue,the side streets,the back road,3,3,conv_104,en,es,machine_translated,¿Existe algún atajo para evitar el tráfico?,"Sí, tome Chester Avenue en lugar de la autopista.",Avenida Chester,Avenida Lester,las calles laterales,el camino de regreso
conv_105,shopping,Do you have this shirt in a medium?,Let me check. We might have one in the shipment.,shipment,/ʃ/,basement,delivery,warehouse,3,2,conv_105,en,es,machine_translated,¿Tienes esta camisa en un tamaño mediano?,Permítame verificar. Es posible que tengamos uno en el envío.,envío,sótano,entrega,depósito
conv_106,shopping,What time do you open on Saturdays?,We open at eight thirty in the morning.,eight thirty,/θ/,eight fifteen,nine o'clock,the usual time,2,1,conv_106,en,es,machine_translated,¿A qué hora abren los sábados?,Abrimos a las ocho y media de la mañana.,ocho y media,ocho quince,nueve en punto,el tiempo habitual
conv_107,shopping,Is there a warranty on this?,"Yes, a two-year manufacturer's warranty.",manufacturer's,/f/,distributor's,store,extended,3,3,conv_107,en,es,machine_translated,¿Hay garantía sobre esto?,"Sí, una garantía del fabricante de dos años.",del fabricante,distribuidor,almacenar,extendido
conv_108,shopping,Can I get this gift-wrapped?,"Sure, that'll be an extra three fifty.",three fifty,/θ/,four fifty,a small fee,no charge,2,1,conv_108,en,es,machine_translated,¿Puedo envolverlo para regalo?,"Claro, serán tres cincuenta extra.",tres cincuenta,cuatro cincuenta,una pequeña tarifa,sin cargo
conv_109,shopping,Where are your fresh vegetables?,In the produce section near the front entrance.,front entrance,/f/,back entrance,by the deli,aisle three,2,2,conv_109,en,es,machine_translated,¿Dónde están tus verduras frescas?,En la sección de productos agrícolas cerca de la entrada principal.,entrada principal,entrada trasera,por la tienda de delicatessen,pasillo tres
conv_110,shopping,Do you price match other stores?,"Yes, bring in their flyer and we'll match it.",flyer,/f/,buyer,ad,coupon,2,2,conv_110,en,es,machine_translated,¿Sus precios coinciden con los de otras tiendas?,"Sí, trae su folleto y lo igualaremos.",volantes,comprador,anuncio,cupón
conv_111,shopping,Is this the checkout line?,"No, this line is for customer service only.",customer service,/s/,self-checkout,returns,exchanges,2,1,conv_111,en,es,machine_translated,¿Es esta la fila para pagar?,"No, esta línea es sólo para servicio al cliente.",servicio al cliente,autopago,regresa,intercambios
conv_112,shopping,Can I use this coupon with the sale?,"Sorry, those discounts can't be combined.",combined,/k/,applied,stacked,transferred,3,3,conv_112,en,es,machine_translated,¿Puedo usar este cupón con la oferta?,"Lo sentimos, esos descuentos no se pueden combinar.",conjunto,aplicado,apilados,transferido
conv_113,dining,Do you have a table for four?,"Yes, there's one available by the window.",by the window,/w/,by the kitchen,in the corner,near the bar,2,1,conv_113,en,es,machine_translated,¿Tienes una mesa para cuatro?,"Sí, hay uno disponible junto a la ventana.",por la ventana,por la cocina,en la esquina,cerca de la barra
conv_114,dining,What's today's special?,Grilled salmon with roasted vegetables and rice.,salmon,/s/,walnut,trout,chicken,2,1,conv_114,en,es,machine_translated,¿Cuál es el especial de hoy?,Salmón a la plancha con verduras asadas y arroz.,salmón,nuez,trucha,pollo
conv_115,dining,Are there any gluten-free options?,"Yes, the chef can prepare the chicken dish without flour.",without flour,/f/,without flavor,no bread,as a substitute,3,2,conv_115,en,es,machine_translated,¿Existen opciones sin gluten?,"Sí, el chef puede preparar el plato de pollo sin harina.",sin harina,sin sabor,sin pan,como sustituto
conv_116,dining,How spicy is the Thai curry?,It's fairly mild unless you request extra chili.,extra chili,/tʃ/,extra chilly,more heat,a kick,3,2,conv_116,en,es,machine_translated,¿Qué tan picante es el curry tailandés?,Es bastante suave a menos que solicites más chile.,chile extra,extra frio,mas calor,una patada
conv_117,dining,Can we get separate checks?,"Of course, I'll split them for you at the end.",split them,/s/,print them,add them up,bring them,2,2,conv_117,en,es,machine_translated,¿Podemos obtener cheques separados?,"Por supuesto, te los dividiré al final.",dividirlos,imprimirlos,sumarlos,tráelos
conv_118,dining,What do you recommend for dessert?,The chocolate souffle is our most popular choice.,souffle,/s/,parfait,cake,pie,3,3,conv_118,en,es,machine_translated,¿Qué recomiendas de postre?,El soufflé de chocolate es nuestra opción más popular.,soufflé,parfait,pastel,pastel
conv_119,dining,Is there a wait for brunch?,About a thirty-minute wait right now.,thirty-minute,/θ/,thirteen-minute,short,long,2,1,conv_119,en,es,machine_translated,¿Hay que esperar para el brunch?,Ahora mismo hay que esperar unos treinta minutos.,treinta minutos,trece minutos,corto,largo
conv_120,dining,Does this dish contain shellfish?,"Yes, it has shrimp and crab in the sauce.",shrimp and crab,/ʃ/,fish and crab,lobster,mussels,3,2,conv_120,en,es,machine_translated,¿Este plato contiene mariscos?,"Sí, tiene camarones y cangrejo en la salsa.",camarones y cangrejo,pescado y cangrejo,langosta,mejillones
conv_121,health,How are you feeling after the procedure?,Still a bit sore but much better than before.,sore,/s/,more,achy,tired,2,1,conv_121,en,es,machine_translated,¿Cómo te sientes después del procedimiento?,Todavía me duele un poco pero mucho mejor que antes.,doloroso,más,dolorido,cansado
conv_122,health,Did you take your vitamins this morning?,"Yes, I took them right after breakfast.",after breakfast,/f/,before breakfast,with lunch,on an empty stomach,2,1,conv_122,en,es,machine_translated,¿Tomaste tus vitaminas esta mañana?,"Sí, los tomé justo después del desayuno.",despues del desayuno,antes del desayuno,con almuerzo,con el estómago vacío
conv_123,health,How often should I stretch?,At least three times a week for thirty minutes.,three times,/θ/,two times,daily,once a week,2,2,conv_123,en,es,machine_translated,¿Con qué frecuencia debo estirarme?,Al menos tres veces por semana durante treinta minutos.,tres veces,dos veces,a diario,una vez a la semana
conv_124,health,What exercises help with balance?,Tai chi and gentle stretching are very effective.,stretching,/tʃ/,sketching,yoga,walking,3,2,conv_124,en,es,machine_translated,¿Qué ejercicios ayudan con el equilibrio?,El Tai Chi y los estiramientos suaves son muy eficaces.,extensión,dibujando,yoga,caminando
conv_125,health,Should I ice or heat my shoulder?,Use ice for the first forty-eight hours.,forty-eight hours,/f/,twenty-four hours,couple of days,until it feels better,3,2,conv_125,en,es,machine_translated,¿Debo poner hielo o calentar mi hombro?,Utilice hielo durante las primeras cuarenta y ocho horas.,cuarenta y ocho horas,veinticuatro horas,dos días,hasta que se sienta mejor
conv_126,health,When is my follow-up visit?,It's scheduled for Thursday the fifteenth.,Thursday the fifteenth,/θ/,Tuesday the thirteenth,next week,in two weeks,3,2,conv_126,en,es,machine_translated,¿Cuándo es mi visita de seguimiento?,Está previsto para el jueves quince.,jueves quince,martes trece,la próxima semana,en dos semanas
conv_127,health,Is it safe to go swimming yet?,Wait until the stitches dissolve completely.,stitches dissolve,/s/,splints come off,wound closes,swelling goes down,3,3,conv_127,en,es,machine_translated,¿Es seguro ir a nadar todavía?,Espere hasta que los puntos se disuelvan por completo.,los puntos se disuelven,se desprenden las férulas,la herida se cierra,la hinchazón baja
conv_128,health,What should I eat to feel more energized?,Focus on whole grains and fresh fruit for sustained energy.,fresh fruit,/f/,less food,vegetables,protein,3,3,conv_128,en,es,machine_translated,¿Qué debo comer para sentirme con más energía?,Concéntrese en cereales integrales y fruta fresca para obtener energía sostenida.,fruta fresca,menos comida,verduras,proteína
conv_129,weather,What's the forecast for the weekend?,They're calling for sunshine and temperatures in the seventies.,seventies,/s/,sixties,warm weather,high eighties,2,1,conv_129,en,es,machine_translated,¿Cuál es el pronóstico para el fin de semana?,Piden sol y temperaturas de 70 grados.,setenta,sesenta,clima cálido,altos ochenta
conv_130,weather,Do I need an umbrella today?,"Yes, there's a chance of showers this afternoon.",showers,/ʃ/,flowers,drizzle,thunderstorms,2,1,conv_130,en,es,machine_translated,¿Necesito un paraguas hoy?,"Sí, hay posibilidades de lluvias esta tarde.",duchas,flores,llovizna,tormentas eléctricas
conv_131,weather,How cold is it supposed to get tonight?,Down to about thirty-three degrees with frost.,thirty-three,/θ/,twenty-three,below freezing,pretty cold,2,2,conv_131,en,es,machine_translated,¿Cuánto frío se supone que hará esta noche?,Hasta unos treinta y tres grados con heladas.,treinta y tres,veintitrés,bajo cero,bastante frio
conv_132,weather,Is the heat wave going to continue?,Forecasters say it should break by Thursday.,break by Thursday,/θ/,peak by Tuesday,last all week,cool off soon,3,2,conv_132,en,es,machine_translated,¿Continuará la ola de calor?,Los meteorólogos dicen que debería romperse el jueves.,descanso para el jueves,pico el martes,dura toda la semana,refréscate pronto
conv_133,weather,Was there any damage from the storm?,A few trees fell on Chestnut Street.,Chestnut Street,/tʃ/,Crescent Street,the neighborhood,some houses,3,2,conv_133,en,es,machine_translated,¿Hubo algún daño por la tormenta?,Algunos árboles cayeron en Chestnut Street.,Calle Castaña,calle creciente,el barrio,algunas casas
conv_134,weather,Should we cancel the outdoor picnic?,Let's wait and check the forecast at noon.,forecast at noon,/f/,forecast by phone,weather report,radar first,3,2,conv_134,en,es,machine_translated,¿Deberíamos cancelar el picnic al aire libre?,Esperemos y consultemos el pronóstico al mediodía.,pronóstico al mediodía,pronóstico por teléfono,informe meteorológico,radar primero
conv_135,weather,How much snow did we get last night?,About six inches with more expected this evening.,six inches,/s/,six feet,a dusting,a lot,2,1,conv_135,en,es,machine_translated,¿Cuánta nieve cayó anoche?,Aproximadamente seis pulgadas y se esperan más esta noche.,seis pulgadas,seis pies,un polvo,mucho
conv_136,weather,Is it supposed to be this humid?,"Yes, the humidity is at ninety-three percent today.",ninety-three percent,/θ/,eighty-three percent,very high,above average,3,3,conv_136,en,es,machine_translated,¿Se supone que debe haber tanta humedad?,"Sí, hoy la humedad es del noventa y tres por ciento.",noventa y tres por ciento,ochenta y tres por ciento,muy alto,por encima del promedio
conv_137,travel,When does our flight depart?,The flight leaves at six fifteen from Terminal B.,six fifteen,/s/,seven fifteen,early morning,before dawn,2,1,conv_137,en,es,machine_translated,¿Cuándo sale nuestro vuelo?,El vuelo sale a las seis y cuarto de la Terminal B.,seis quince,siete quince,madrugada,antes del amanecer
conv_138,travel,Did you remember to pack the charger?,"Yes, it's in the front pocket of the suitcase.",front pocket,/f/,back pocket,side pouch,carry-on bag,2,1,conv_138,en,es,machine_translated,¿Recordaste empacar el cargador?,"Sí, está en el bolsillo delantero de la maleta.",bolsillo delantero,bolsillo trasero,bolsa lateral,bolso de mano
conv_139,travel,How long is the layover in Chicago?,About three and a half hours at O'Hare.,three and a half,/θ/,two and a half,a long time,enough time,3,2,conv_139,en,es,machine_translated,¿Cuánto dura la escala en Chicago?,Unas tres horas y media en O'Hare.,tres y medio,dos y medio,mucho tiempo,suficiente tiempo
conv_140,travel,Should we book the shuttle or take a taxi?,The shuttle is cheaper but takes forty-five minutes.,forty-five minutes,/f/,twenty-five minutes,much longer,about the same,3,2,conv_140,en,es,machine_translated,¿Deberíamos reservar el transporte o tomar un taxi?,El servicio de transporte es más barato pero tarda cuarenta y cinco minutos.,cuarenta y cinco minutos,veinticinco minutos,mucho más tiempo,casi lo mismo
conv_141,travel,What's the exchange rate right now?,About one thirty-five to the euro.,one thirty-five,/θ/,one forty-five,pretty favorable,about the same,3,3,conv_141,en,es,machine_translated,¿Cuál es el tipo de cambio en este momento?,Aproximadamente uno treinta y cinco por euro.,uno treinta y cinco,uno cuarenta y cinco,bastante favorable,casi lo mismo
conv_142,travel,Is our hotel near the beach?,"Yes, it's just a short walk from the shore.",shore,/ʃ/,store,ocean,boardwalk,2,2,conv_142,en,es,machine_translated,¿Está nuestro hotel cerca de la playa?,"Sí, está a pocos pasos de la orilla.",costa,almacenar,océano,paseo marítimo
conv_143,travel,Do we need a visa for this country?,"No, but your passport must be valid for six months.",six months,/s/,three months,at least a year,the whole trip,3,2,conv_143,en,es,machine_translated,¿Necesitamos una visa para este país?,"No, pero tu pasaporte debe tener una validez de seis meses.",seis meses,tres meses,al menos un año,todo el viaje
conv_144,travel,What time is checkout at the hotel?,"Checkout is at eleven sharp, but you can request a late one.",eleven sharp,/ʃ/,seven sharp,noon,in the morning,2,2,conv_144,en,es,machine_translated,¿A qué hora es el check-out en el hotel?,"La salida es a las once en punto, pero puedes solicitar una más tarde.",once en punto,siete en punto,mediodía,por la mañana
conv_145,work,When is the project deadline?,It's due next Friday the twenty-first.,twenty-first,/θ/,twenty-third,end of the month,next week,2,1,conv_145,en,es,machine_translated,¿Cuándo es la fecha límite del proyecto?,Será el próximo viernes veintiuno.,vigésimo primero,vigésimo tercero,fin de mes,la próxima semana
conv_146,work,Did you finish the quarterly report?,"Yes, I submitted it to Sharon this morning.",Sharon,/ʃ/,Karen,the manager,the director,2,1,conv_146,en,es,machine_translated,¿Terminaste el informe trimestral?,"Sí, se lo envié a Sharon esta mañana.",sharón,karen,el gerente,el director
conv_147,work,What time is the staff meeting?,It starts at three forty-five in Conference Room C.,three forty-five,/θ/,two forty-five,after lunch,this afternoon,2,2,conv_147,en,es,machine_translated,¿A qué hora es la reunión de personal?,Comienza a las tres cuarenta y cinco en la Sala C.,tres cuarenta y cinco,dos cuarenta y cinco,después del almuerzo,esta tarde
conv_148,work,Who's covering for me while I'm out?,Michelle from the Chicago office will fill in.,Michelle,/ʃ/,Rachel,your coworker,the temp,2,2,conv_148,en,es,machine_translated,¿Quién me cubre mientras estoy fuera?,Michelle de la oficina de Chicago la reemplazará.,michelle,raquel,tu compañero de trabajo,la temperatura
conv_149,work,Has the client responded to our proposal?,They said they'd get back to us by Thursday.,by Thursday,/θ/,by Tuesday,this week,very soon,2,2,conv_149,en,es,machine_translated,¿El cliente ha respondido a nuestra propuesta?,Dijeron que se comunicarían con nosotros el jueves.,para el jueves,por el martes,esta semana,muy pronto
conv_150,work,Can you send me the spreadsheet with the figures?,"Sure, I'll forward it to your work email within the hour.",within the hour,/θ/,by the hour,right away,when I can,3,2,conv_150,en,es,machine_translated,¿Puedes enviarme la hoja de cálculo con las cifras?,"Claro, lo reenviaré a tu correo electrónico del trabajo dentro de una hora.",dentro de la hora,por hora,de inmediato,cuando puedo
conv_151,work,Are we still on schedule for the launch?,We're slightly behind due to a software issue.,software issue,/s/,hardware issue,small delay,minor setback,3,3,conv_151,en,es,machine_translated,¿Estamos todavía dentro del plazo previsto para el lanzamiento?,Estamos un poco atrasados ​​debido a un problema de software.,problema de software,problema de hardware,pequeño retraso,contratiempo menor
conv_152,work,What was the outcome of the client pitch?,They chose our firm over three other finalists.,three other finalists,/θ/,two other finalists,the competition,some other firms,4,3,conv_152,en,es,machine_translated,¿Cuál fue el resultado de la presentación del cliente?,Eligieron nuestra firma entre otros tres finalistas.,otros tres finalistas,otros dos finalistas,la competencia,algunas otras firmas
conv_153,family,How's your daughter doing in school?,"She's thriving, especially in math and science.",thriving,/θ/,driving,excelling,improving,3,2,conv_153,en,es,machine_translated,¿Cómo le va a tu hija en la escuela?,"Está prosperando, especialmente en matemáticas y ciencias.",prosperando,conduciendo,sobresaliendo,mejorando
conv_154,family,When is your brother's birthday?,It's on the thirtieth of March.,thirtieth,/θ/,thirteenth,end of the month,sometime in spring,2,1,conv_154,en,es,machine_translated,¿Cuándo es el cumpleaños de tu hermano?,Es el treinta de marzo.,trigésimo,decimotercero,fin de mes,en algún momento de la primavera
conv_155,family,Are the kids coming for Thanksgiving?,"Yes, everyone will be there except my nephew Steven.",nephew Steven,/s/,nephew Stephen,youngest son,cousin,3,2,conv_155,en,es,machine_translated,¿Vienen los niños para el Día de Acción de Gracias?,"Sí, todos estarán allí excepto mi sobrino Steven.",sobrino esteban,sobrino esteban,hijo menor,primo
conv_156,family,How old is your granddaughter now?,She just turned four and a half in January.,four and a half,/f/,three and a half,almost five,still little,2,1,conv_156,en,es,machine_translated,¿Cuántos años tiene tu nieta ahora?,Acaba de cumplir cuatro años y medio en enero.,cuatro y medio,tres y medio,casi cinco,todavía poco
conv_157,family,Did your son finish his thesis?,"Yes, he defended it successfully last Thursday.",last Thursday,/θ/,last Tuesday,recently,a few weeks ago,3,2,conv_157,en,es,machine_translated,¿Tu hijo terminó su tesis?,"Sí, lo defendió con éxito el pasado jueves.",el jueves pasado,el martes pasado,recientemente,hace unas semanas
conv_158,family,Where does your sister live now?,She moved to a place on Birch Street in Philadelphia.,Philadelphia,/f/,Virginia,the East Coast,out of state,3,2,conv_158,en,es,machine_translated,¿Dónde vive tu hermana ahora?,Se mudó a un lugar en Birch Street en Filadelfia.,Filadelfia,Virginia,la costa este,fuera del estado
conv_159,family,Is your father still teaching?,"No, he officially retired in March after thirty-five years.",thirty-five years,/θ/,twenty-five years,a long career,quite some time,3,3,conv_159,en,es,machine_translated,¿Tu padre sigue enseñando?,"No, se jubiló oficialmente en marzo después de treinta y cinco años.",treinta y cinco años,veinticinco años,una larga carrera,bastante tiempo
conv_160,family,How's your mother feeling these days?,She's been much more cheerful since she joined the church choir.,church choir,/tʃ/,search party,singing group,book club,3,3,conv_160,en,es,machine_translated,¿Cómo se siente tu madre estos días?,Ha estado mucho más alegre desde que se unió al coro de la iglesia.,coro de la iglesia,grupo de búsqueda,grupo de canto,círculo de lectores
