review_id,phase,content_id,sample_group,difficulty,tier,category,scenario,speaker,voice_scope,text_primary,text_secondary,keyword,foil_acoustic,foil_semantic,foil_plausible,pack_id,contrast_type,position,storage_path_1,audio_url_1,storage_path_2,audio_url_2,storage_path_3,audio_url_3,storage_path_4,audio_url_4,clinical_focus,review_questions,recommended_action,reviewer_notes,disposition
detection:det_alert_001,detection,det_alert_001,environmental_alert,2,free,,,,both,Se abre la puerta.,,,,,,,,,spanish/detection/sergio/det_alert_001.mp3,https://padfntxzoxhozfjsqnzc.supabase.co/storage/v1/object/public/audio/spanish/detection/sergio/det_alert_001.mp3,spanish/detection/roma/det_alert_001.mp3,https://padfntxzoxhozfjsqnzc.supabase.co/storage/v1/object/public/audio/spanish/detection/roma/det_alert_001.mp3,,,,,public_transit_alert,"Is the cue audible, natural, and free of carrier contamination in both voices?",pass_or_flag,,
detection:det_alert_002,detection,det_alert_002,environmental_alert,2,free,,,,both,Última parada.,,,,,,,,,spanish/detection/sergio/det_alert_002.mp3,https://padfntxzoxhozfjsqnzc.supabase.co/storage/v1/object/public/audio/spanish/detection/sergio/det_alert_002.mp3,spanish/detection/roma/det_alert_002.mp3,https://padfntxzoxhozfjsqnzc.supabase.co/storage/v1/object/public/audio/spanish/detection/roma/det_alert_002.mp3,,,,,public_transit_alert,"Is the cue audible, natural, and free of carrier contamination in both voices?",pass_or_flag,,
detection:det_alert_003,detection,det_alert_003,environmental_alert,2,free,,,,both,"Su número, cuarenta y dos.",,,,,,,,,spanish/detection/sergio/det_alert_003.mp3,https://padfntxzoxhozfjsqnzc.supabase.co/storage/v1/object/public/audio/spanish/detection/sergio/det_alert_003.mp3,spanish/detection/roma/det_alert_003.mp3,https://padfntxzoxhozfjsqnzc.supabase.co/storage/v1/object/public/audio/spanish/detection/roma/det_alert_003.mp3,,,,,queue_callout,"Is the cue audible, natural, and free of carrier contamination in both voices?",pass_or_flag,,
detection:det_alert_004,detection,det_alert_004,environmental_alert,2,free,,,,both,Receta lista.,,,,,,,,,spanish/detection/sergio/det_alert_004.mp3,https://padfntxzoxhozfjsqnzc.supabase.co/storage/v1/object/public/audio/spanish/detection/sergio/det_alert_004.mp3,spanish/detection/roma/det_alert_004.mp3,https://padfntxzoxhozfjsqnzc.supabase.co/storage/v1/object/public/audio/spanish/detection/roma/det_alert_004.mp3,,,,,pharmacy_alert,"Is the cue audible, natural, and free of carrier contamination in both voices?",pass_or_flag,,
detection:det_alert_005,detection,det_alert_005,environmental_alert,3,free,,,,both,"Cuidado, vehículo atrás.",,,,,,,,,spanish/detection/sergio/det_alert_005.mp3,https://padfntxzoxhozfjsqnzc.supabase.co/storage/v1/object/public/audio/spanish/detection/sergio/det_alert_005.mp3,spanish/detection/roma/det_alert_005.mp3,https://padfntxzoxhozfjsqnzc.supabase.co/storage/v1/object/public/audio/spanish/detection/roma/det_alert_005.mp3,,,,,safety_alert,"Is the cue audible, natural, and free of carrier contamination in both voices?",pass_or_flag,,
detection:det_alert_006,detection,det_alert_006,environmental_alert,2,free,,,,both,Atención por favor.,,,,,,,,,spanish/detection/sergio/det_alert_006.mp3,https://padfntxzoxhozfjsqnzc.supabase.co/storage/v1/object/public/audio/spanish/detection/sergio/det_alert_006.mp3,spanish/detection/roma/det_alert_006.mp3,https://padfntxzoxhozfjsqnzc.supabase.co/storage/v1/object/public/audio/spanish/detection/roma/det_alert_006.mp3,,,,,attention_signal,"Is the cue audible, natural, and free of carrier contamination in both voices?",pass_or_flag,,
detection:det_alert_007,detection,det_alert_007,environmental_alert,3,free,,,,both,Pasajeros al tren.,,,,,,,,,spanish/detection/sergio/det_alert_007.mp3,https://padfntxzoxhozfjsqnzc.supabase.co/storage/v1/object/public/audio/spanish/detection/sergio/det_alert_007.mp3,spanish/detection/roma/det_alert_007.mp3,https://padfntxzoxhozfjsqnzc.supabase.co/storage/v1/object/public/audio/spanish/detection/roma/det_alert_007.mp3,,,,,station_call,"Is the cue audible, natural, and free of carrier contamination in both voices?",pass_or_flag,,
detection:det_alert_008,detection,det_alert_008,environmental_alert,2,free,,,,both,Turno siguiente.,,,,,,,,,spanish/detection/sergio/det_alert_008.mp3,https://padfntxzoxhozfjsqnzc.supabase.co/storage/v1/object/public/audio/spanish/detection/sergio/det_alert_008.mp3,spanish/detection/roma/det_alert_008.mp3,https://padfntxzoxhozfjsqnzc.supabase.co/storage/v1/object/public/audio/spanish/detection/roma/det_alert_008.mp3,,,,,queue_callout,"Is the cue audible, natural, and free of carrier contamination in both voices?",pass_or_flag,,
detection:det_speech_001,detection,det_speech_001,speech_token,1,free,,,,both,mamá,,,,,,,,,spanish/detection/sergio/det_speech_001.mp3,https://padfntxzoxhozfjsqnzc.supabase.co/storage/v1/object/public/audio/spanish/detection/sergio/det_speech_001.mp3,spanish/detection/roma/det_speech_001.mp3,https://padfntxzoxhozfjsqnzc.supabase.co/storage/v1/object/public/audio/spanish/detection/roma/det_speech_001.mp3,,,,,low_frequency_voicing,"Is the cue audible, natural, and free of carrier contamination in both voices?",pass_or_flag,,
detection:det_speech_002,detection,det_speech_002,speech_token,1,free,,,,both,uno,,,,,,,,,spanish/detection/sergio/det_speech_002.mp3,https://padfntxzoxhozfjsqnzc.supabase.co/storage/v1/object/public/audio/spanish/detection/sergio/det_speech_002.mp3,spanish/detection/roma/det_speech_002.mp3,https://padfntxzoxhozfjsqnzc.supabase.co/storage/v1/object/public/audio/spanish/detection/roma/det_speech_002.mp3,,,,,low_back_vowel,"Is the cue audible, natural, and free of carrier contamination in both voices?",pass_or_flag,,
detection:det_speech_003,detection,det_speech_003,speech_token,1,free,,,,both,bueno,,,,,,,,,spanish/detection/sergio/det_speech_003.mp3,https://padfntxzoxhozfjsqnzc.supabase.co/storage/v1/object/public/audio/spanish/detection/sergio/det_speech_003.mp3,spanish/detection/roma/det_speech_003.mp3,https://padfntxzoxhozfjsqnzc.supabase.co/storage/v1/object/public/audio/spanish/detection/roma/det_speech_003.mp3,,,,,low_mid_mix,"Is the cue audible, natural, and free of carrier contamination in both voices?",pass_or_flag,,
detection:det_speech_004,detection,det_speech_004,speech_token,1,free,,,,both,mesa,,,,,,,,,spanish/detection/sergio/det_speech_004.mp3,https://padfntxzoxhozfjsqnzc.supabase.co/storage/v1/object/public/audio/spanish/detection/sergio/det_speech_004.mp3,spanish/detection/roma/det_speech_004.mp3,https://padfntxzoxhozfjsqnzc.supabase.co/storage/v1/object/public/audio/spanish/detection/roma/det_speech_004.mp3,,,,,mid_frequency_speech,"Is the cue audible, natural, and free of carrier contamination in both voices?",pass_or_flag,,
detection:det_speech_005,detection,det_speech_005,speech_token,1,free,,,,both,taza,,,,,,,,,spanish/detection/sergio/det_speech_005.mp3,https://padfntxzoxhozfjsqnzc.supabase.co/storage/v1/object/public/audio/spanish/detection/sergio/det_speech_005.mp3,spanish/detection/roma/det_speech_005.mp3,https://padfntxzoxhozfjsqnzc.supabase.co/storage/v1/object/public/audio/spanish/detection/roma/det_speech_005.mp3,,,,,mid_stop_burst,"Is the cue audible, natural, and free of carrier contamination in both voices?",pass_or_flag,,
detection:det_speech_006,detection,det_speech_006,speech_token,1,free,,,,both,dedo,,,,,,,,,spanish/detection/sergio/det_speech_006.mp3,https://padfntxzoxhozfjsqnzc.supabase.co/storage/v1/object/public/audio/spanish/detection/sergio/det_speech_006.mp3,spanish/detection/roma/det_speech_006.mp3,https://padfntxzoxhozfjsqnzc.supabase.co/storage/v1/object/public/audio/spanish/detection/roma/det_speech_006.mp3,,,,,mid_voiced_stop,"Is the cue audible, natural, and free of carrier contamination in both voices?",pass_or_flag,,
detection:det_speech_007,detection,det_speech_007,speech_token,1,free,,,,both,sí,,,,,,,,,spanish/detection/sergio/det_speech_007.mp3,https://padfntxzoxhozfjsqnzc.supabase.co/storage/v1/object/public/audio/spanish/detection/sergio/det_speech_007.mp3,spanish/detection/roma/det_speech_007.mp3,https://padfntxzoxhozfjsqnzc.supabase.co/storage/v1/object/public/audio/spanish/detection/roma/det_speech_007.mp3,,,,,high_frequency_frication,"Is the cue audible, natural, and free of carrier contamination in both voices?",pass_or_flag,,
detection:det_speech_008,detection,det_speech_008,speech_token,1,free,,,,both,sopa,,,,,,,,,spanish/detection/sergio/det_speech_008.mp3,https://padfntxzoxhozfjsqnzc.supabase.co/storage/v1/object/public/audio/spanish/detection/sergio/det_speech_008.mp3,spanish/detection/roma/det_speech_008.mp3,https://padfntxzoxhozfjsqnzc.supabase.co/storage/v1/object/public/audio/spanish/detection/roma/det_speech_008.mp3,,,,,high_frequency_frication,"Is the cue audible, natural, and free of carrier contamination in both voices?",pass_or_flag,,
detection:det_speech_009,detection,det_speech_009,speech_token,2,free,,,,both,chao,,,,,,,,,spanish/detection/sergio/det_speech_009.mp3,https://padfntxzoxhozfjsqnzc.supabase.co/storage/v1/object/public/audio/spanish/detection/sergio/det_speech_009.mp3,spanish/detection/roma/det_speech_009.mp3,https://padfntxzoxhozfjsqnzc.supabase.co/storage/v1/object/public/audio/spanish/detection/roma/det_speech_009.mp3,,,,,high_affricate_release,"Is the cue audible, natural, and free of carrier contamination in both voices?",pass_or_flag,,
detection:det_speech_010,detection,det_speech_010,speech_token,2,free,,,,both,luz,,,,,,,,,spanish/detection/sergio/det_speech_010.mp3,https://padfntxzoxhozfjsqnzc.supabase.co/storage/v1/object/public/audio/spanish/detection/sergio/det_speech_010.mp3,spanish/detection/roma/det_speech_010.mp3,https://padfntxzoxhozfjsqnzc.supabase.co/storage/v1/object/public/audio/spanish/detection/roma/det_speech_010.mp3,,,,,final_sibilance,"Is the cue audible, natural, and free of carrier contamination in both voices?",pass_or_flag,,
sentence:498,sentence,498,Automotive,1,,Automotive,Automotive,,both,El tanque de combustible está casi vacío.,¿Qué está casi vacío?,Tanque,Agradecer,Recipiente,,,/t/,,spanish/sentences/sergio/sentence_498.mp3,https://padfntxzoxhozfjsqnzc.supabase.co/storage/v1/object/public/audio/spanish/sentences/sergio/sentence_498.mp3,spanish/sentences/roma/sentence_498.mp3,https://padfntxzoxhozfjsqnzc.supabase.co/storage/v1/object/public/audio/spanish/sentences/roma/sentence_498.mp3,,,,,Erber identification/comprehension with acoustically and semantically plausible Spanish foils,"Are the sentence, prompt, and foil relationships natural and clinically credible in Spanish?",pass_or_flag,,
sentence:467,sentence,467,Cooking,1,,Cooking,Cooking,,both,Es necesario ablandar la mantequilla.,¿Qué necesita ablandarse?,La mantequilla,La taquilla,La margarina,,,/b/,,spanish/sentences/sergio/sentence_467.mp3,https://padfntxzoxhozfjsqnzc.supabase.co/storage/v1/object/public/audio/spanish/sentences/sergio/sentence_467.mp3,spanish/sentences/roma/sentence_467.mp3,https://padfntxzoxhozfjsqnzc.supabase.co/storage/v1/object/public/audio/spanish/sentences/roma/sentence_467.mp3,,,,,Erber identification/comprehension with acoustically and semantically plausible Spanish foils,"Are the sentence, prompt, and foil relationships natural and clinically credible in Spanish?",pass_or_flag,,
sentence:275,sentence,275,Daily Life,1,,Daily Life,Daily Life,,both,El paquete fue entregado esta mañana.,¿Qué se entregó?,Paquete,equipaje,Parcela,,,/p/,,spanish/sentences/sergio/sentence_275.mp3,https://padfntxzoxhozfjsqnzc.supabase.co/storage/v1/object/public/audio/spanish/sentences/sergio/sentence_275.mp3,spanish/sentences/roma/sentence_275.mp3,https://padfntxzoxhozfjsqnzc.supabase.co/storage/v1/object/public/audio/spanish/sentences/roma/sentence_275.mp3,,,,,Erber identification/comprehension with acoustically and semantically plausible Spanish foils,"Are the sentence, prompt, and foil relationships natural and clinically credible in Spanish?",pass_or_flag,,
sentence:136,sentence,136,Directions,1,,Directions,Directions,,both,El edificio hace esquina.,¿Dónde está el edificio?,Esquina,Juez de instrucción,Borde,,,/k/,,spanish/sentences/sergio/sentence_136.mp3,https://padfntxzoxhozfjsqnzc.supabase.co/storage/v1/object/public/audio/spanish/sentences/sergio/sentence_136.mp3,spanish/sentences/roma/sentence_136.mp3,https://padfntxzoxhozfjsqnzc.supabase.co/storage/v1/object/public/audio/spanish/sentences/roma/sentence_136.mp3,,,,,Erber identification/comprehension with acoustically and semantically plausible Spanish foils,"Are the sentence, prompt, and foil relationships natural and clinically credible in Spanish?",pass_or_flag,,
sentence:444,sentence,444,Education,1,,Education,Education,,both,El estudiante aprobó el examen.,¿Qué hizo el estudiante?,Aprobado,Pasado,Tuvo éxito,,,/p/,,spanish/sentences/sergio/sentence_444.mp3,https://padfntxzoxhozfjsqnzc.supabase.co/storage/v1/object/public/audio/spanish/sentences/sergio/sentence_444.mp3,spanish/sentences/roma/sentence_444.mp3,https://padfntxzoxhozfjsqnzc.supabase.co/storage/v1/object/public/audio/spanish/sentences/roma/sentence_444.mp3,,,,,Erber identification/comprehension with acoustically and semantically plausible Spanish foils,"Are the sentence, prompt, and foil relationships natural and clinically credible in Spanish?",pass_or_flag,,
sentence:859,sentence,859,Aquarium,2,,Aquarium,Aquarium,,both,La alimentación de los tiburones es a las tres y media en el tanque principal.,¿A qué hora se alimenta el tiburón?,tres y media,gratis treinta,cuatro y media,,,/θ/,,spanish/sentences/sergio/sentence_859.mp3,https://padfntxzoxhozfjsqnzc.supabase.co/storage/v1/object/public/audio/spanish/sentences/sergio/sentence_859.mp3,spanish/sentences/roma/sentence_859.mp3,https://padfntxzoxhozfjsqnzc.supabase.co/storage/v1/object/public/audio/spanish/sentences/roma/sentence_859.mp3,,,,,Erber identification/comprehension with acoustically and semantically plausible Spanish foils,"Are the sentence, prompt, and foil relationships natural and clinically credible in Spanish?",pass_or_flag,,
sentence:879,sentence,879,Arcade,2,,Arcade,Arcade,,both,La máquina Pac-Man antigua cuesta cincuenta centavos por juego.,¿Cuanto por juego?,Cincuenta centavos,quince centavos,treinta centavos,,,/f/,,spanish/sentences/sergio/sentence_879.mp3,https://padfntxzoxhozfjsqnzc.supabase.co/storage/v1/object/public/audio/spanish/sentences/sergio/sentence_879.mp3,spanish/sentences/roma/sentence_879.mp3,https://padfntxzoxhozfjsqnzc.supabase.co/storage/v1/object/public/audio/spanish/sentences/roma/sentence_879.mp3,,,,,Erber identification/comprehension with acoustically and semantically plausible Spanish foils,"Are the sentence, prompt, and foil relationships natural and clinically credible in Spanish?",pass_or_flag,,
sentence:564,sentence,564,Art,2,,Art,Art,,both,El pintor terminó el mural.,¿Quién terminó el mural?,Pintor,Desmayado,Artista,,,/p/,,spanish/sentences/sergio/sentence_564.mp3,https://padfntxzoxhozfjsqnzc.supabase.co/storage/v1/object/public/audio/spanish/sentences/sergio/sentence_564.mp3,spanish/sentences/roma/sentence_564.mp3,https://padfntxzoxhozfjsqnzc.supabase.co/storage/v1/object/public/audio/spanish/sentences/roma/sentence_564.mp3,,,,,Erber identification/comprehension with acoustically and semantically plausible Spanish foils,"Are the sentence, prompt, and foil relationships natural and clinically credible in Spanish?",pass_or_flag,,
sentence:484,sentence,484,Automotive,2,,Automotive,Automotive,,both,El mecánico revisó los frenos.,¿Qué revisó el mecánico?,Frenos,Descansos,Regiones,,,/br/,,spanish/sentences/sergio/sentence_484.mp3,https://padfntxzoxhozfjsqnzc.supabase.co/storage/v1/object/public/audio/spanish/sentences/sergio/sentence_484.mp3,spanish/sentences/roma/sentence_484.mp3,https://padfntxzoxhozfjsqnzc.supabase.co/storage/v1/object/public/audio/spanish/sentences/roma/sentence_484.mp3,,,,,Erber identification/comprehension with acoustically and semantically plausible Spanish foils,"Are the sentence, prompt, and foil relationships natural and clinically credible in Spanish?",pass_or_flag,,
sentence:829,sentence,829,Barber,2,,Barber,Barber,,both,El barbero sugirió un corte más corto en los costados para el verano.,¿Qué sugirió el barbero?,corte más corto,corte de hija,corte más largo,,,/ʃ/,,spanish/sentences/sergio/sentence_829.mp3,https://padfntxzoxhozfjsqnzc.supabase.co/storage/v1/object/public/audio/spanish/sentences/sergio/sentence_829.mp3,spanish/sentences/roma/sentence_829.mp3,https://padfntxzoxhozfjsqnzc.supabase.co/storage/v1/object/public/audio/spanish/sentences/roma/sentence_829.mp3,,,,,Erber identification/comprehension with acoustically and semantically plausible Spanish foils,"Are the sentence, prompt, and foil relationships natural and clinically credible in Spanish?",pass_or_flag,,
sentence:860,sentence,860,Aquarium,3,,Aquarium,Aquarium,,both,La exhibición de medusas presenta más de trece especies del Pacífico.,¿Cuántas especies se presentan?,Trece,Treinta,Catorce,,,/θ/,,spanish/sentences/sergio/sentence_860.mp3,https://padfntxzoxhozfjsqnzc.supabase.co/storage/v1/object/public/audio/spanish/sentences/sergio/sentence_860.mp3,spanish/sentences/roma/sentence_860.mp3,https://padfntxzoxhozfjsqnzc.supabase.co/storage/v1/object/public/audio/spanish/sentences/roma/sentence_860.mp3,,,,,Erber identification/comprehension with acoustically and semantically plausible Spanish foils,"Are the sentence, prompt, and foil relationships natural and clinically credible in Spanish?",pass_or_flag,,
sentence:881,sentence,881,Arcade,3,,Arcade,Arcade,,both,El mostrador de canje cierra a las nueve cuarenta y cinco.,¿Cuándo cierra el mostrador?,nueve cuarenta y cinco,nueve catorce,nueve treinta y cinco,,,/f/,,spanish/sentences/sergio/sentence_881.mp3,https://padfntxzoxhozfjsqnzc.supabase.co/storage/v1/object/public/audio/spanish/sentences/sergio/sentence_881.mp3,spanish/sentences/roma/sentence_881.mp3,https://padfntxzoxhozfjsqnzc.supabase.co/storage/v1/object/public/audio/spanish/sentences/roma/sentence_881.mp3,,,,,Erber identification/comprehension with acoustically and semantically plausible Spanish foils,"Are the sentence, prompt, and foil relationships natural and clinically credible in Spanish?",pass_or_flag,,
sentence:565,sentence,565,Art,3,,Art,Art,,both,La escultura fue tallada en mármol.,¿Qué fue tallado?,Escultura,regañado,Arte,,,/sk/,,spanish/sentences/sergio/sentence_565.mp3,https://padfntxzoxhozfjsqnzc.supabase.co/storage/v1/object/public/audio/spanish/sentences/sergio/sentence_565.mp3,spanish/sentences/roma/sentence_565.mp3,https://padfntxzoxhozfjsqnzc.supabase.co/storage/v1/object/public/audio/spanish/sentences/roma/sentence_565.mp3,,,,,Erber identification/comprehension with acoustically and semantically plausible Spanish foils,"Are the sentence, prompt, and foil relationships natural and clinically credible in Spanish?",pass_or_flag,,
sentence:489,sentence,489,Automotive,3,,Automotive,Automotive,,both,La transmisión hace ruido.,¿Qué está haciendo ruido?,Transmisión,Admisión,Parte,,,/tr/,,spanish/sentences/sergio/sentence_489.mp3,https://padfntxzoxhozfjsqnzc.supabase.co/storage/v1/object/public/audio/spanish/sentences/sergio/sentence_489.mp3,spanish/sentences/roma/sentence_489.mp3,https://padfntxzoxhozfjsqnzc.supabase.co/storage/v1/object/public/audio/spanish/sentences/roma/sentence_489.mp3,,,,,Erber identification/comprehension with acoustically and semantically plausible Spanish foils,"Are the sentence, prompt, and foil relationships natural and clinically credible in Spanish?",pass_or_flag,,
sentence:831,sentence,831,Barber,3,,Barber,Barber,,both,Un afeitado con navaja cuesta unos treinta y cinco dólares.,¿Cuanto cuesta el afeitado?,treinta y cinco,cinco sucios,Veinticinco,,,/θ/,,spanish/sentences/sergio/sentence_831.mp3,https://padfntxzoxhozfjsqnzc.supabase.co/storage/v1/object/public/audio/spanish/sentences/sergio/sentence_831.mp3,spanish/sentences/roma/sentence_831.mp3,https://padfntxzoxhozfjsqnzc.supabase.co/storage/v1/object/public/audio/spanish/sentences/roma/sentence_831.mp3,,,,,Erber identification/comprehension with acoustically and semantically plausible Spanish foils,"Are the sentence, prompt, and foil relationships natural and clinically credible in Spanish?",pass_or_flag,,
sentence:742,sentence,742,Art,4,,Art,Art,,both,La exposición de fotografía estará abierta hasta el veintiocho de febrero.,¿Cuándo termina la exposición?,Hasta el veintiocho de febrero,Hasta el veintiocho de enero,Hasta finales de marzo,,,/f/,,spanish/sentences/sergio/sentence_742.mp3,https://padfntxzoxhozfjsqnzc.supabase.co/storage/v1/object/public/audio/spanish/sentences/sergio/sentence_742.mp3,spanish/sentences/roma/sentence_742.mp3,https://padfntxzoxhozfjsqnzc.supabase.co/storage/v1/object/public/audio/spanish/sentences/roma/sentence_742.mp3,,,,,Erber identification/comprehension with acoustically and semantically plausible Spanish foils,"Are the sentence, prompt, and foil relationships natural and clinically credible in Spanish?",pass_or_flag,,
sentence:764,sentence,764,Car Repair,4,,Car Repair,Car Repair,,both,El presupuesto para la carrocería es de tres mil doscientos.,¿Cuál es la estimación?,tres mil doscientos,Gratis mil doscientos,cinco mil doscientos,,,/θ/,,spanish/sentences/sergio/sentence_764.mp3,https://padfntxzoxhozfjsqnzc.supabase.co/storage/v1/object/public/audio/spanish/sentences/sergio/sentence_764.mp3,spanish/sentences/roma/sentence_764.mp3,https://padfntxzoxhozfjsqnzc.supabase.co/storage/v1/object/public/audio/spanish/sentences/roma/sentence_764.mp3,,,,,Erber identification/comprehension with acoustically and semantically plausible Spanish foils,"Are the sentence, prompt, and foil relationships natural and clinically credible in Spanish?",pass_or_flag,,
sentence:980,sentence,980,Dentist,4,,Dentist,Dentist,,both,El tratamiento blanqueador cuesta unos trescientos cincuenta dólares.,¿Cuánto cuesta el blanqueamiento?,trescientos cincuenta,Gratis ciento cincuenta,Quinientos cincuenta,,,/θ/,,spanish/sentences/sergio/sentence_980.mp3,https://padfntxzoxhozfjsqnzc.supabase.co/storage/v1/object/public/audio/spanish/sentences/sergio/sentence_980.mp3,spanish/sentences/roma/sentence_980.mp3,https://padfntxzoxhozfjsqnzc.supabase.co/storage/v1/object/public/audio/spanish/sentences/roma/sentence_980.mp3,,,,,Erber identification/comprehension with acoustically and semantically plausible Spanish foils,"Are the sentence, prompt, and foil relationships natural and clinically credible in Spanish?",pass_or_flag,,
sentence:926,sentence,926,Directions,4,,Directions,Directions,,both,El GPS dice que la ruta más rápida evita el túnel de la calle Treinta y Tres.,¿Qué túnel de calle deberías evitar?,trigésimo tercero,Tercero sucio,vigésimo tercero,,,/θ/,,spanish/sentences/sergio/sentence_926.mp3,https://padfntxzoxhozfjsqnzc.supabase.co/storage/v1/object/public/audio/spanish/sentences/sergio/sentence_926.mp3,spanish/sentences/roma/sentence_926.mp3,https://padfntxzoxhozfjsqnzc.supabase.co/storage/v1/object/public/audio/spanish/sentences/roma/sentence_926.mp3,,,,,Erber identification/comprehension with acoustically and semantically plausible Spanish foils,"Are the sentence, prompt, and foil relationships natural and clinically credible in Spanish?",pass_or_flag,,
sentence:732,sentence,732,Education,4,,Education,Education,,both,La defensa de la tesis está prevista para el día 13 de febrero.,¿Cuándo es la defensa?,trece de febrero,treinta de febrero,trece de marzo,,,/θ/,,spanish/sentences/sergio/sentence_732.mp3,https://padfntxzoxhozfjsqnzc.supabase.co/storage/v1/object/public/audio/spanish/sentences/sergio/sentence_732.mp3,spanish/sentences/roma/sentence_732.mp3,https://padfntxzoxhozfjsqnzc.supabase.co/storage/v1/object/public/audio/spanish/sentences/roma/sentence_732.mp3,,,,,Erber identification/comprehension with acoustically and semantically plausible Spanish foils,"Are the sentence, prompt, and foil relationships natural and clinically credible in Spanish?",pass_or_flag,,
conversation:conv_social_009,conversation,conv_social_009,social,1,free,social,,,both_prompt_and_response,¿Te sientes mejor?,"Mucho mejor, gracias por preguntar.",mucho mejor,un poco mejor,igual que ayer,todavía recuperándose,,/b/,,spanish/conversations/sergio/conv_social_009_prompt.mp3,https://padfntxzoxhozfjsqnzc.supabase.co/storage/v1/object/public/audio/spanish/conversations/sergio/conv_social_009_prompt.mp3,spanish/conversations/sergio/conv_social_009_response.mp3,https://padfntxzoxhozfjsqnzc.supabase.co/storage/v1/object/public/audio/spanish/conversations/sergio/conv_social_009_response.mp3,spanish/conversations/roma/conv_social_009_prompt.mp3,https://padfntxzoxhozfjsqnzc.supabase.co/storage/v1/object/public/audio/spanish/conversations/roma/conv_social_009_prompt.mp3,spanish/conversations/roma/conv_social_009_response.mp3,https://padfntxzoxhozfjsqnzc.supabase.co/storage/v1/object/public/audio/spanish/conversations/roma/conv_social_009_response.mp3,Erber comprehension in short turn-taking Spanish,"Do prompt, response, and foil options remain natural, distinct, and clinically useful across both voices?",pass_or_flag,,
conversation:conv_social_003,conversation,conv_social_003,social,1,free,social,,,both_prompt_and_response,¿Vienes a la fiesta?,"Sí, estaré allí alrededor de las siete.",alrededor de las siete,alrededor de las once,por la tarde,con un poco de suerte,,/s/,,spanish/conversations/sergio/conv_social_003_prompt.mp3,https://padfntxzoxhozfjsqnzc.supabase.co/storage/v1/object/public/audio/spanish/conversations/sergio/conv_social_003_prompt.mp3,spanish/conversations/sergio/conv_social_003_response.mp3,https://padfntxzoxhozfjsqnzc.supabase.co/storage/v1/object/public/audio/spanish/conversations/sergio/conv_social_003_response.mp3,spanish/conversations/roma/conv_social_003_prompt.mp3,https://padfntxzoxhozfjsqnzc.supabase.co/storage/v1/object/public/audio/spanish/conversations/roma/conv_social_003_prompt.mp3,spanish/conversations/roma/conv_social_003_response.mp3,https://padfntxzoxhozfjsqnzc.supabase.co/storage/v1/object/public/audio/spanish/conversations/roma/conv_social_003_response.mp3,Erber comprehension in short turn-taking Spanish,"Do prompt, response, and foil options remain natural, distinct, and clinically useful across both voices?",pass_or_flag,,
conversation:conv_shop_007,conversation,conv_shop_007,shopping,2,free,shopping,,,both_prompt_and_response,¿Dónde están las baterías?,"Pasillo siete, cerca del frente.",Pasillo siete,Pasillo once,en electronica,puedo mostrarte,,/s/,,spanish/conversations/sergio/conv_shop_007_prompt.mp3,https://padfntxzoxhozfjsqnzc.supabase.co/storage/v1/object/public/audio/spanish/conversations/sergio/conv_shop_007_prompt.mp3,spanish/conversations/sergio/conv_shop_007_response.mp3,https://padfntxzoxhozfjsqnzc.supabase.co/storage/v1/object/public/audio/spanish/conversations/sergio/conv_shop_007_response.mp3,spanish/conversations/roma/conv_shop_007_prompt.mp3,https://padfntxzoxhozfjsqnzc.supabase.co/storage/v1/object/public/audio/spanish/conversations/roma/conv_shop_007_prompt.mp3,spanish/conversations/roma/conv_shop_007_response.mp3,https://padfntxzoxhozfjsqnzc.supabase.co/storage/v1/object/public/audio/spanish/conversations/roma/conv_shop_007_response.mp3,Erber comprehension in short turn-taking Spanish,"Do prompt, response, and foil options remain natural, distinct, and clinically useful across both voices?",pass_or_flag,,
conversation:conv_appt_003,conversation,conv_appt_003,appointments,2,free,appointments,,,both_prompt_and_response,¿A qué médico estoy viendo?,Estás viendo al Doctor Miller.,doctor molinero,Doctor Wheeler,el especialista,el que está de guardia,,/m/,,spanish/conversations/sergio/conv_appt_003_prompt.mp3,https://padfntxzoxhozfjsqnzc.supabase.co/storage/v1/object/public/audio/spanish/conversations/sergio/conv_appt_003_prompt.mp3,spanish/conversations/sergio/conv_appt_003_response.mp3,https://padfntxzoxhozfjsqnzc.supabase.co/storage/v1/object/public/audio/spanish/conversations/sergio/conv_appt_003_response.mp3,spanish/conversations/roma/conv_appt_003_prompt.mp3,https://padfntxzoxhozfjsqnzc.supabase.co/storage/v1/object/public/audio/spanish/conversations/roma/conv_appt_003_prompt.mp3,spanish/conversations/roma/conv_appt_003_response.mp3,https://padfntxzoxhozfjsqnzc.supabase.co/storage/v1/object/public/audio/spanish/conversations/roma/conv_appt_003_response.mp3,Erber comprehension in short turn-taking Spanish,"Do prompt, response, and foil options remain natural, distinct, and clinically useful across both voices?",pass_or_flag,,
conversation:conv_087,conversation,conv_087,greetings,3,2,greetings,,,both_prompt_and_response,No creo que nos hayamos conocido antes.,"No, soy Charles de contabilidad.",contabilidad,cantidad,finanzas,gerencia,,/tʃ/,,spanish/conversations/sergio/conv_087_prompt.mp3,https://padfntxzoxhozfjsqnzc.supabase.co/storage/v1/object/public/audio/spanish/conversations/sergio/conv_087_prompt.mp3,spanish/conversations/sergio/conv_087_response.mp3,https://padfntxzoxhozfjsqnzc.supabase.co/storage/v1/object/public/audio/spanish/conversations/sergio/conv_087_response.mp3,spanish/conversations/roma/conv_087_prompt.mp3,https://padfntxzoxhozfjsqnzc.supabase.co/storage/v1/object/public/audio/spanish/conversations/roma/conv_087_prompt.mp3,spanish/conversations/roma/conv_087_response.mp3,https://padfntxzoxhozfjsqnzc.supabase.co/storage/v1/object/public/audio/spanish/conversations/roma/conv_087_response.mp3,Erber comprehension in short turn-taking Spanish,"Do prompt, response, and foil options remain natural, distinct, and clinically useful across both voices?",pass_or_flag,,
conversation:conv_133,conversation,conv_133,weather,3,2,weather,,,both_prompt_and_response,¿Hubo algún daño por la tormenta?,Algunos árboles cayeron en Chestnut Street.,Calle Castaña,calle creciente,el barrio,algunas casas,,/tʃ/,,spanish/conversations/sergio/conv_133_prompt.mp3,https://padfntxzoxhozfjsqnzc.supabase.co/storage/v1/object/public/audio/spanish/conversations/sergio/conv_133_prompt.mp3,spanish/conversations/sergio/conv_133_response.mp3,https://padfntxzoxhozfjsqnzc.supabase.co/storage/v1/object/public/audio/spanish/conversations/sergio/conv_133_response.mp3,spanish/conversations/roma/conv_133_prompt.mp3,https://padfntxzoxhozfjsqnzc.supabase.co/storage/v1/object/public/audio/spanish/conversations/roma/conv_133_prompt.mp3,spanish/conversations/roma/conv_133_response.mp3,https://padfntxzoxhozfjsqnzc.supabase.co/storage/v1/object/public/audio/spanish/conversations/roma/conv_133_response.mp3,Erber comprehension in short turn-taking Spanish,"Do prompt, response, and foil options remain natural, distinct, and clinically useful across both voices?",pass_or_flag,,
conversation:conv_152,conversation,conv_152,work,4,3,work,,,both_prompt_and_response,¿Cuál fue el resultado de la presentación del cliente?,Eligieron nuestra firma entre otros tres finalistas.,otros tres finalistas,otros dos finalistas,la competencia,algunas otras firmas,,/θ/,,spanish/conversations/sergio/conv_152_prompt.mp3,https://padfntxzoxhozfjsqnzc.supabase.co/storage/v1/object/public/audio/spanish/conversations/sergio/conv_152_prompt.mp3,spanish/conversations/sergio/conv_152_response.mp3,https://padfntxzoxhozfjsqnzc.supabase.co/storage/v1/object/public/audio/spanish/conversations/sergio/conv_152_response.mp3,spanish/conversations/roma/conv_152_prompt.mp3,https://padfntxzoxhozfjsqnzc.supabase.co/storage/v1/object/public/audio/spanish/conversations/roma/conv_152_prompt.mp3,spanish/conversations/roma/conv_152_response.mp3,https://padfntxzoxhozfjsqnzc.supabase.co/storage/v1/object/public/audio/spanish/conversations/roma/conv_152_response.mp3,Erber comprehension in short turn-taking Spanish,"Do prompt, response, and foil options remain natural, distinct, and clinically useful across both voices?",pass_or_flag,,
drill:drill_pack_13:drill_241,drill,drill_241,drill_pack_13,3,2,,,,both_words_both_voices,lata,rata,,,,,drill_pack_13,Liquid,Initial,spanish/drills/sergio/drill_pack_13/drill_241_lata.mp3,https://padfntxzoxhozfjsqnzc.supabase.co/storage/v1/object/public/audio/spanish/drills/sergio/drill_pack_13/drill_241_lata.mp3,spanish/drills/sergio/drill_pack_13/drill_241_rata.mp3,https://padfntxzoxhozfjsqnzc.supabase.co/storage/v1/object/public/audio/spanish/drills/sergio/drill_pack_13/drill_241_rata.mp3,spanish/drills/roma/drill_pack_13/drill_241_lata.mp3,https://padfntxzoxhozfjsqnzc.supabase.co/storage/v1/object/public/audio/spanish/drills/roma/drill_pack_13/drill_241_lata.mp3,spanish/drills/roma/drill_pack_13/drill_241_rata.mp3,https://padfntxzoxhozfjsqnzc.supabase.co/storage/v1/object/public/audio/spanish/drills/roma/drill_pack_13/drill_241_rata.mp3,Par de alta transferencia con mismas vocales y marco oclusivo.,"Are both drill words natural, distinct, and appropriate for the stated Spanish contrast and position?",pass_or_flag_pack,,
drill:drill_pack_15:drill_281,drill,drill_281,drill_pack_15,2,1,,,,both_words_both_voices,mano,nano,,,,,drill_pack_15,Nasal,Initial,spanish/drills/sergio/drill_pack_15/drill_281_mano.mp3,https://padfntxzoxhozfjsqnzc.supabase.co/storage/v1/object/public/audio/spanish/drills/sergio/drill_pack_15/drill_281_mano.mp3,spanish/drills/sergio/drill_pack_15/drill_281_nano.mp3,https://padfntxzoxhozfjsqnzc.supabase.co/storage/v1/object/public/audio/spanish/drills/sergio/drill_pack_15/drill_281_nano.mp3,spanish/drills/roma/drill_pack_15/drill_281_mano.mp3,https://padfntxzoxhozfjsqnzc.supabase.co/storage/v1/object/public/audio/spanish/drills/roma/drill_pack_15/drill_281_mano.mp3,spanish/drills/roma/drill_pack_15/drill_281_nano.mp3,https://padfntxzoxhozfjsqnzc.supabase.co/storage/v1/object/public/audio/spanish/drills/roma/drill_pack_15/drill_281_nano.mp3,Par inicial de alta familiaridad con marco silábico compartido.,"Are both drill words natural, distinct, and appropriate for the stated Spanish contrast and position?",pass_or_flag_pack,,
drill:pack_es_b_vs_m_initial:drill_321,drill,drill_321,pack_es_b_vs_m_initial,3,2,,,,both_words_both_voices,bala,mala,,,,,pack_es_b_vs_m_initial,manner,initial,spanish/drills/sergio/pack_es_b_vs_m_initial/drill_321_bala.mp3,https://padfntxzoxhozfjsqnzc.supabase.co/storage/v1/object/public/audio/spanish/drills/sergio/pack_es_b_vs_m_initial/drill_321_bala.mp3,spanish/drills/sergio/pack_es_b_vs_m_initial/drill_321_mala.mp3,https://padfntxzoxhozfjsqnzc.supabase.co/storage/v1/object/public/audio/spanish/drills/sergio/pack_es_b_vs_m_initial/drill_321_mala.mp3,spanish/drills/roma/pack_es_b_vs_m_initial/drill_321_bala.mp3,https://padfntxzoxhozfjsqnzc.supabase.co/storage/v1/object/public/audio/spanish/drills/roma/pack_es_b_vs_m_initial/drill_321_bala.mp3,spanish/drills/roma/pack_es_b_vs_m_initial/drill_321_mala.mp3,https://padfntxzoxhozfjsqnzc.supabase.co/storage/v1/object/public/audio/spanish/drills/roma/pack_es_b_vs_m_initial/drill_321_mala.mp3,Par inicial de alta familiaridad con vocales idénticas y contraste labial estable.,"Are both drill words natural, distinct, and appropriate for the stated Spanish contrast and position?",pass_or_flag_pack,,
drill:pack_es_e_vs_a:drill_eae_001,drill,drill_eae_001,pack_es_e_vs_a,3,free,,,,both_words_both_voices,peso,paso,,,,,pack_es_e_vs_a,height,medial,spanish/drills/sergio/pack_es_e_vs_a/drill_eae_001_peso.mp3,https://padfntxzoxhozfjsqnzc.supabase.co/storage/v1/object/public/audio/spanish/drills/sergio/pack_es_e_vs_a/drill_eae_001_peso.mp3,spanish/drills/sergio/pack_es_e_vs_a/drill_eae_001_paso.mp3,https://padfntxzoxhozfjsqnzc.supabase.co/storage/v1/object/public/audio/spanish/drills/sergio/pack_es_e_vs_a/drill_eae_001_paso.mp3,spanish/drills/roma/pack_es_e_vs_a/drill_eae_001_peso.mp3,https://padfntxzoxhozfjsqnzc.supabase.co/storage/v1/object/public/audio/spanish/drills/roma/pack_es_e_vs_a/drill_eae_001_peso.mp3,spanish/drills/roma/pack_es_e_vs_a/drill_eae_001_paso.mp3,https://padfntxzoxhozfjsqnzc.supabase.co/storage/v1/object/public/audio/spanish/drills/roma/pack_es_e_vs_a/drill_eae_001_paso.mp3,Par de alta familiaridad con marco consonántico idéntico y contraste vocálico medial claro.,"Are both drill words natural, distinct, and appropriate for the stated Spanish contrast and position?",pass_or_flag_pack,,
drill:pack_es_f_vs_b:drill_fv_001,drill,drill_fv_001,pack_es_f_vs_b,2,free,,,,both_words_both_voices,foca,boca,,,,,pack_es_f_vs_b,place,initial,spanish/drills/sergio/pack_es_f_vs_b/drill_fv_001_foca.mp3,https://padfntxzoxhozfjsqnzc.supabase.co/storage/v1/object/public/audio/spanish/drills/sergio/pack_es_f_vs_b/drill_fv_001_foca.mp3,spanish/drills/sergio/pack_es_f_vs_b/drill_fv_001_boca.mp3,https://padfntxzoxhozfjsqnzc.supabase.co/storage/v1/object/public/audio/spanish/drills/sergio/pack_es_f_vs_b/drill_fv_001_boca.mp3,spanish/drills/roma/pack_es_f_vs_b/drill_fv_001_foca.mp3,https://padfntxzoxhozfjsqnzc.supabase.co/storage/v1/object/public/audio/spanish/drills/roma/pack_es_f_vs_b/drill_fv_001_foca.mp3,spanish/drills/roma/pack_es_f_vs_b/drill_fv_001_boca.mp3,https://padfntxzoxhozfjsqnzc.supabase.co/storage/v1/object/public/audio/spanish/drills/roma/pack_es_f_vs_b/drill_fv_001_boca.mp3,Par inicial de alta familiaridad con contraste labial fuerte.,"Are both drill words natural, distinct, and appropriate for the stated Spanish contrast and position?",pass_or_flag_pack,,
drill:pack_es_generalization_a:drill_ssh_001,drill,drill_ssh_001,pack_es_generalization_a,3,free,,,,both_words_both_voices,tía,día,,,,,pack_es_generalization_a,voicing,initial,spanish/drills/sergio/pack_es_generalization_a/drill_ssh_001_tia.mp3,https://padfntxzoxhozfjsqnzc.supabase.co/storage/v1/object/public/audio/spanish/drills/sergio/pack_es_generalization_a/drill_ssh_001_tia.mp3,spanish/drills/sergio/pack_es_generalization_a/drill_ssh_001_dia.mp3,https://padfntxzoxhozfjsqnzc.supabase.co/storage/v1/object/public/audio/spanish/drills/sergio/pack_es_generalization_a/drill_ssh_001_dia.mp3,spanish/drills/roma/pack_es_generalization_a/drill_ssh_001_tia.mp3,https://padfntxzoxhozfjsqnzc.supabase.co/storage/v1/object/public/audio/spanish/drills/roma/pack_es_generalization_a/drill_ssh_001_tia.mp3,spanish/drills/roma/pack_es_generalization_a/drill_ssh_001_dia.mp3,https://padfntxzoxhozfjsqnzc.supabase.co/storage/v1/object/public/audio/spanish/drills/roma/pack_es_generalization_a/drill_ssh_001_dia.mp3,Par bisílabo de alta familiaridad para contraste inicial /t/ vs /d/. Reasignado a un pack de generalización española validada tras retirar una familia de contraste moldeada por el inglés.,"Are both drill words natural, distinct, and appropriate for the stated Spanish contrast and position?",pass_or_flag_pack,,
drill:pack_es_generalization_b:drill_chdj_001,drill,drill_chdj_001,pack_es_generalization_b,2,free,,,,both_words_both_voices,tías,días,,,,,pack_es_generalization_b,voicing,initial,spanish/drills/sergio/pack_es_generalization_b/drill_chdj_001_tias.mp3,https://padfntxzoxhozfjsqnzc.supabase.co/storage/v1/object/public/audio/spanish/drills/sergio/pack_es_generalization_b/drill_chdj_001_tias.mp3,spanish/drills/sergio/pack_es_generalization_b/drill_chdj_001_dias.mp3,https://padfntxzoxhozfjsqnzc.supabase.co/storage/v1/object/public/audio/spanish/drills/sergio/pack_es_generalization_b/drill_chdj_001_dias.mp3,spanish/drills/roma/pack_es_generalization_b/drill_chdj_001_tias.mp3,https://padfntxzoxhozfjsqnzc.supabase.co/storage/v1/object/public/audio/spanish/drills/roma/pack_es_generalization_b/drill_chdj_001_tias.mp3,spanish/drills/roma/pack_es_generalization_b/drill_chdj_001_dias.mp3,https://padfntxzoxhozfjsqnzc.supabase.co/storage/v1/object/public/audio/spanish/drills/roma/pack_es_generalization_b/drill_chdj_001_dias.mp3,La extensión plural preserva el mismo contraste inicial. Reasignado a un pack de generalización española validada tras retirar una familia de contraste moldeada por el inglés.,"Are both drill words natural, distinct, and appropriate for the stated Spanish contrast and position?",pass_or_flag_pack,,
drill:pack_es_generalization_c:drill_201,drill,drill_201,pack_es_generalization_c,2,1,,,,both_words_both_voices,sume,fume,,,,,pack_es_generalization_c,place,initial,spanish/drills/sergio/pack_es_generalization_c/drill_201_sume.mp3,https://padfntxzoxhozfjsqnzc.supabase.co/storage/v1/object/public/audio/spanish/drills/sergio/pack_es_generalization_c/drill_201_sume.mp3,spanish/drills/sergio/pack_es_generalization_c/drill_201_fume.mp3,https://padfntxzoxhozfjsqnzc.supabase.co/storage/v1/object/public/audio/spanish/drills/sergio/pack_es_generalization_c/drill_201_fume.mp3,spanish/drills/roma/pack_es_generalization_c/drill_201_sume.mp3,https://padfntxzoxhozfjsqnzc.supabase.co/storage/v1/object/public/audio/spanish/drills/roma/pack_es_generalization_c/drill_201_sume.mp3,spanish/drills/roma/pack_es_generalization_c/drill_201_fume.mp3,https://padfntxzoxhozfjsqnzc.supabase.co/storage/v1/object/public/audio/spanish/drills/roma/pack_es_generalization_c/drill_201_fume.mp3,Marco corto de dos sílabas con contraste espectral inicial estable. Reasignado a un pack de generalización española validada tras retirar una familia de contraste moldeada por el inglés.,"Are both drill words natural, distinct, and appropriate for the stated Spanish contrast and position?",pass_or_flag_pack,,
drill:pack_es_generalization_d:drill_221,drill,drill_221,pack_es_generalization_d,3,2,,,,both_words_both_voices,bota,mota,,,,,pack_es_generalization_d,manner,initial,spanish/drills/sergio/pack_es_generalization_d/drill_221_bota.mp3,https://padfntxzoxhozfjsqnzc.supabase.co/storage/v1/object/public/audio/spanish/drills/sergio/pack_es_generalization_d/drill_221_bota.mp3,spanish/drills/sergio/pack_es_generalization_d/drill_221_mota.mp3,https://padfntxzoxhozfjsqnzc.supabase.co/storage/v1/object/public/audio/spanish/drills/sergio/pack_es_generalization_d/drill_221_mota.mp3,spanish/drills/roma/pack_es_generalization_d/drill_221_bota.mp3,https://padfntxzoxhozfjsqnzc.supabase.co/storage/v1/object/public/audio/spanish/drills/roma/pack_es_generalization_d/drill_221_bota.mp3,spanish/drills/roma/pack_es_generalization_d/drill_221_mota.mp3,https://padfntxzoxhozfjsqnzc.supabase.co/storage/v1/object/public/audio/spanish/drills/roma/pack_es_generalization_d/drill_221_mota.mp3,El marco con vocal redondeada amplía el mismo contraste labial inicial. Reasignado a un pack de generalización española validada tras retirar una familia de contraste moldeada por el inglés.,"Are both drill words natural, distinct, and appropriate for the stated Spanish contrast and position?",pass_or_flag_pack,,
drill:pack_es_generalization_e:drill_261,drill,drill_261,pack_es_generalization_e,3,2,,,,both_words_both_voices,polo,bolo,,,,,pack_es_generalization_e,voicing,initial,spanish/drills/sergio/pack_es_generalization_e/drill_261_polo.mp3,https://padfntxzoxhozfjsqnzc.supabase.co/storage/v1/object/public/audio/spanish/drills/sergio/pack_es_generalization_e/drill_261_polo.mp3,spanish/drills/sergio/pack_es_generalization_e/drill_261_bolo.mp3,https://padfntxzoxhozfjsqnzc.supabase.co/storage/v1/object/public/audio/spanish/drills/sergio/pack_es_generalization_e/drill_261_bolo.mp3,spanish/drills/roma/pack_es_generalization_e/drill_261_polo.mp3,https://padfntxzoxhozfjsqnzc.supabase.co/storage/v1/object/public/audio/spanish/drills/roma/pack_es_generalization_e/drill_261_polo.mp3,spanish/drills/roma/pack_es_generalization_e/drill_261_bolo.mp3,https://padfntxzoxhozfjsqnzc.supabase.co/storage/v1/object/public/audio/spanish/drills/roma/pack_es_generalization_e/drill_261_bolo.mp3,Par con vocal redondeada y ritmo igualado. Reasignado a un pack de generalización española validada tras retirar una familia de contraste moldeada por el inglés.,"Are both drill words natural, distinct, and appropriate for the stated Spanish contrast and position?",pass_or_flag_pack,,
drill:pack_es_generalization_f:drill_361,drill,drill_361,pack_es_generalization_f,3,2,,,,both_words_both_voices,pelos,palos,,,,,pack_es_generalization_f,height,medial,spanish/drills/sergio/pack_es_generalization_f/drill_361_pelos.mp3,https://padfntxzoxhozfjsqnzc.supabase.co/storage/v1/object/public/audio/spanish/drills/sergio/pack_es_generalization_f/drill_361_pelos.mp3,spanish/drills/sergio/pack_es_generalization_f/drill_361_palos.mp3,https://padfntxzoxhozfjsqnzc.supabase.co/storage/v1/object/public/audio/spanish/drills/sergio/pack_es_generalization_f/drill_361_palos.mp3,spanish/drills/roma/pack_es_generalization_f/drill_361_pelos.mp3,https://padfntxzoxhozfjsqnzc.supabase.co/storage/v1/object/public/audio/spanish/drills/roma/pack_es_generalization_f/drill_361_pelos.mp3,spanish/drills/roma/pack_es_generalization_f/drill_361_palos.mp3,https://padfntxzoxhozfjsqnzc.supabase.co/storage/v1/object/public/audio/spanish/drills/roma/pack_es_generalization_f/drill_361_palos.mp3,El marco pluralizado alarga la palabra sin cambiar el objetivo vocálico. Reasignado a un pack de generalización española validada tras retirar una familia de contraste moldeada por el inglés.,"Are both drill words natural, distinct, and appropriate for the stated Spanish contrast and position?",pass_or_flag_pack,,
drill:pack_es_generalization_g:drill_381,drill,drill_381,pack_es_generalization_g,3,2,,,,both_words_both_voices,catas,gatas,,,,,pack_es_generalization_g,voicing,initial,spanish/drills/sergio/pack_es_generalization_g/drill_381_catas.mp3,https://padfntxzoxhozfjsqnzc.supabase.co/storage/v1/object/public/audio/spanish/drills/sergio/pack_es_generalization_g/drill_381_catas.mp3,spanish/drills/sergio/pack_es_generalization_g/drill_381_gatas.mp3,https://padfntxzoxhozfjsqnzc.supabase.co/storage/v1/object/public/audio/spanish/drills/sergio/pack_es_generalization_g/drill_381_gatas.mp3,spanish/drills/roma/pack_es_generalization_g/drill_381_catas.mp3,https://padfntxzoxhozfjsqnzc.supabase.co/storage/v1/object/public/audio/spanish/drills/roma/pack_es_generalization_g/drill_381_catas.mp3,spanish/drills/roma/pack_es_generalization_g/drill_381_gatas.mp3,https://padfntxzoxhozfjsqnzc.supabase.co/storage/v1/object/public/audio/spanish/drills/roma/pack_es_generalization_g/drill_381_gatas.mp3,Par plural que mantiene la misma tarea de discriminación inicial. Reasignado a un pack de generalización española validada tras retirar una familia de contraste moldeada por el inglés.,"Are both drill words natural, distinct, and appropriate for the stated Spanish contrast and position?",pass_or_flag_pack,,
drill:pack_es_generalization_h:drill_401,drill,drill_401,pack_es_generalization_h,3,2,,,,both_words_both_voices,lima,lema,,,,,pack_es_generalization_h,height,medial,spanish/drills/sergio/pack_es_generalization_h/drill_401_lima.mp3,https://padfntxzoxhozfjsqnzc.supabase.co/storage/v1/object/public/audio/spanish/drills/sergio/pack_es_generalization_h/drill_401_lima.mp3,spanish/drills/sergio/pack_es_generalization_h/drill_401_lema.mp3,https://padfntxzoxhozfjsqnzc.supabase.co/storage/v1/object/public/audio/spanish/drills/sergio/pack_es_generalization_h/drill_401_lema.mp3,spanish/drills/roma/pack_es_generalization_h/drill_401_lima.mp3,https://padfntxzoxhozfjsqnzc.supabase.co/storage/v1/object/public/audio/spanish/drills/roma/pack_es_generalization_h/drill_401_lima.mp3,spanish/drills/roma/pack_es_generalization_h/drill_401_lema.mp3,https://padfntxzoxhozfjsqnzc.supabase.co/storage/v1/object/public/audio/spanish/drills/roma/pack_es_generalization_h/drill_401_lema.mp3,El marco nasal-sonorante compartido apoya una escucha vocálica focalizada. Reasignado a un pack de generalización española validada tras retirar una familia de contraste moldeada por el inglés.,"Are both drill words natural, distinct, and appropriate for the stated Spanish contrast and position?",pass_or_flag_pack,,
drill:pack_es_generalization_i:drill_421,drill,drill_421,pack_es_generalization_i,4,3,,,,both_words_both_voices,fibra,vibra,,,,,pack_es_generalization_i,place,initial,spanish/drills/sergio/pack_es_generalization_i/drill_421_fibra.mp3,https://padfntxzoxhozfjsqnzc.supabase.co/storage/v1/object/public/audio/spanish/drills/sergio/pack_es_generalization_i/drill_421_fibra.mp3,spanish/drills/sergio/pack_es_generalization_i/drill_421_vibra.mp3,https://padfntxzoxhozfjsqnzc.supabase.co/storage/v1/object/public/audio/spanish/drills/sergio/pack_es_generalization_i/drill_421_vibra.mp3,spanish/drills/roma/pack_es_generalization_i/drill_421_fibra.mp3,https://padfntxzoxhozfjsqnzc.supabase.co/storage/v1/object/public/audio/spanish/drills/roma/pack_es_generalization_i/drill_421_fibra.mp3,spanish/drills/roma/pack_es_generalization_i/drill_421_vibra.mp3,https://padfntxzoxhozfjsqnzc.supabase.co/storage/v1/object/public/audio/spanish/drills/roma/pack_es_generalization_i/drill_421_vibra.mp3,El marco con grupo compartido concentra la atención en el contraste labial inicial. Reasignado a un pack de generalización española validada tras retirar una familia de contraste moldeada por el inglés.,"Are both drill words natural, distinct, and appropriate for the stated Spanish contrast and position?",pass_or_flag_pack,,
drill:pack_es_generalization_j:drill_441,drill,drill_441,pack_es_generalization_j,3,2,,,,both_words_both_voices,domas,donas,,,,,pack_es_generalization_j,Nasal,medial,spanish/drills/sergio/pack_es_generalization_j/drill_441_domas.mp3,https://padfntxzoxhozfjsqnzc.supabase.co/storage/v1/object/public/audio/spanish/drills/sergio/pack_es_generalization_j/drill_441_domas.mp3,spanish/drills/sergio/pack_es_generalization_j/drill_441_donas.mp3,https://padfntxzoxhozfjsqnzc.supabase.co/storage/v1/object/public/audio/spanish/drills/sergio/pack_es_generalization_j/drill_441_donas.mp3,spanish/drills/roma/pack_es_generalization_j/drill_441_domas.mp3,https://padfntxzoxhozfjsqnzc.supabase.co/storage/v1/object/public/audio/spanish/drills/roma/pack_es_generalization_j/drill_441_domas.mp3,spanish/drills/roma/pack_es_generalization_j/drill_441_donas.mp3,https://padfntxzoxhozfjsqnzc.supabase.co/storage/v1/object/public/audio/spanish/drills/roma/pack_es_generalization_j/drill_441_donas.mp3,La extensión plural preserva el mismo contraste medial mientras añade duración. Reasignado a un pack de generalización española validada tras retirar una familia de contraste moldeada por el inglés.,"Are both drill words natural, distinct, and appropriate for the stated Spanish contrast and position?",pass_or_flag_pack,,
drill:pack_es_generalization_k:drill_461,drill,drill_461,pack_es_generalization_k,3,2,,,,both_words_both_voices,mudas,nudas,,,,,pack_es_generalization_k,Nasal,Initial,spanish/drills/sergio/pack_es_generalization_k/drill_461_mudas.mp3,https://padfntxzoxhozfjsqnzc.supabase.co/storage/v1/object/public/audio/spanish/drills/sergio/pack_es_generalization_k/drill_461_mudas.mp3,spanish/drills/sergio/pack_es_generalization_k/drill_461_nudas.mp3,https://padfntxzoxhozfjsqnzc.supabase.co/storage/v1/object/public/audio/spanish/drills/sergio/pack_es_generalization_k/drill_461_nudas.mp3,spanish/drills/roma/pack_es_generalization_k/drill_461_mudas.mp3,https://padfntxzoxhozfjsqnzc.supabase.co/storage/v1/object/public/audio/spanish/drills/roma/pack_es_generalization_k/drill_461_mudas.mp3,spanish/drills/roma/pack_es_generalization_k/drill_461_nudas.mp3,https://padfntxzoxhozfjsqnzc.supabase.co/storage/v1/object/public/audio/spanish/drills/roma/pack_es_generalization_k/drill_461_nudas.mp3,La extensión plural preserva el mismo contraste inicial de mayor carga. Reasignado a un pack de generalización española validada tras retirar una familia de contraste moldeada por el inglés.,"Are both drill words natural, distinct, and appropriate for the stated Spanish contrast and position?",pass_or_flag_pack,,
drill:pack_es_generalization_l:drill_481,drill,drill_481,pack_es_generalization_l,4,3,,,,both_words_both_voices,misa,mesa,,,,,pack_es_generalization_l,height,medial,spanish/drills/sergio/pack_es_generalization_l/drill_481_misa.mp3,https://padfntxzoxhozfjsqnzc.supabase.co/storage/v1/object/public/audio/spanish/drills/sergio/pack_es_generalization_l/drill_481_misa.mp3,spanish/drills/sergio/pack_es_generalization_l/drill_481_mesa.mp3,https://padfntxzoxhozfjsqnzc.supabase.co/storage/v1/object/public/audio/spanish/drills/sergio/pack_es_generalization_l/drill_481_mesa.mp3,spanish/drills/roma/pack_es_generalization_l/drill_481_misa.mp3,https://padfntxzoxhozfjsqnzc.supabase.co/storage/v1/object/public/audio/spanish/drills/roma/pack_es_generalization_l/drill_481_misa.mp3,spanish/drills/roma/pack_es_generalization_l/drill_481_mesa.mp3,https://padfntxzoxhozfjsqnzc.supabase.co/storage/v1/object/public/audio/spanish/drills/roma/pack_es_generalization_l/drill_481_mesa.mp3,Par de alta familiaridad con marco consonántico idéntico y acento estable. Reasignado a un pack de generalización española validada tras retirar una familia de contraste moldeada por el inglés.,"Are both drill words natural, distinct, and appropriate for the stated Spanish contrast and position?",pass_or_flag_pack,,
drill:pack_es_i_vs_e:drill_ii_001,drill,drill_ii_001,pack_es_i_vs_e,2,free,,,,both_words_both_voices,piso,peso,,,,,pack_es_i_vs_e,height,medial,spanish/drills/sergio/pack_es_i_vs_e/drill_ii_001_piso.mp3,https://padfntxzoxhozfjsqnzc.supabase.co/storage/v1/object/public/audio/spanish/drills/sergio/pack_es_i_vs_e/drill_ii_001_piso.mp3,spanish/drills/sergio/pack_es_i_vs_e/drill_ii_001_peso.mp3,https://padfntxzoxhozfjsqnzc.supabase.co/storage/v1/object/public/audio/spanish/drills/sergio/pack_es_i_vs_e/drill_ii_001_peso.mp3,spanish/drills/roma/pack_es_i_vs_e/drill_ii_001_piso.mp3,https://padfntxzoxhozfjsqnzc.supabase.co/storage/v1/object/public/audio/spanish/drills/roma/pack_es_i_vs_e/drill_ii_001_piso.mp3,spanish/drills/roma/pack_es_i_vs_e/drill_ii_001_peso.mp3,https://padfntxzoxhozfjsqnzc.supabase.co/storage/v1/object/public/audio/spanish/drills/roma/pack_es_i_vs_e/drill_ii_001_peso.mp3,Par de alta familiaridad con marco consonántico idéntico y contraste vocálico medial claro.,"Are both drill words natural, distinct, and appropriate for the stated Spanish contrast and position?",pass_or_flag_pack,,
drill:pack_es_i_vs_e_medial:drill_341,drill,drill_341,pack_es_i_vs_e_medial,2,1,,,,both_words_both_voices,pisa,pesa,,,,,pack_es_i_vs_e_medial,height,medial,spanish/drills/sergio/pack_es_i_vs_e_medial/drill_341_pisa.mp3,https://padfntxzoxhozfjsqnzc.supabase.co/storage/v1/object/public/audio/spanish/drills/sergio/pack_es_i_vs_e_medial/drill_341_pisa.mp3,spanish/drills/sergio/pack_es_i_vs_e_medial/drill_341_pesa.mp3,https://padfntxzoxhozfjsqnzc.supabase.co/storage/v1/object/public/audio/spanish/drills/sergio/pack_es_i_vs_e_medial/drill_341_pesa.mp3,spanish/drills/roma/pack_es_i_vs_e_medial/drill_341_pisa.mp3,https://padfntxzoxhozfjsqnzc.supabase.co/storage/v1/object/public/audio/spanish/drills/roma/pack_es_i_vs_e_medial/drill_341_pisa.mp3,spanish/drills/roma/pack_es_i_vs_e_medial/drill_341_pesa.mp3,https://padfntxzoxhozfjsqnzc.supabase.co/storage/v1/object/public/audio/spanish/drills/roma/pack_es_i_vs_e_medial/drill_341_pesa.mp3,Par frecuente con marco consonántico idéntico y contraste medial claro /i/ frente a /e/.,"Are both drill words natural, distinct, and appropriate for the stated Spanish contrast and position?",pass_or_flag_pack,,
drill:pack_es_m_vs_n_medial:drill_301,drill,drill_301,pack_es_m_vs_n_medial,3,2,,,,both_words_both_voices,cama,cana,,,,,pack_es_m_vs_n_medial,Nasal,medial,spanish/drills/sergio/pack_es_m_vs_n_medial/drill_301_cama.mp3,https://padfntxzoxhozfjsqnzc.supabase.co/storage/v1/object/public/audio/spanish/drills/sergio/pack_es_m_vs_n_medial/drill_301_cama.mp3,spanish/drills/sergio/pack_es_m_vs_n_medial/drill_301_cana.mp3,https://padfntxzoxhozfjsqnzc.supabase.co/storage/v1/object/public/audio/spanish/drills/sergio/pack_es_m_vs_n_medial/drill_301_cana.mp3,spanish/drills/roma/pack_es_m_vs_n_medial/drill_301_cama.mp3,https://padfntxzoxhozfjsqnzc.supabase.co/storage/v1/object/public/audio/spanish/drills/roma/pack_es_m_vs_n_medial/drill_301_cama.mp3,spanish/drills/roma/pack_es_m_vs_n_medial/drill_301_cana.mp3,https://padfntxzoxhozfjsqnzc.supabase.co/storage/v1/object/public/audio/spanish/drills/roma/pack_es_m_vs_n_medial/drill_301_cana.mp3,Par inicial de alta familiaridad con marco idéntico y contraste claro de lugar nasal medial.,"Are both drill words natural, distinct, and appropriate for the stated Spanish contrast and position?",pass_or_flag_pack,,
drill:pack_es_s_vs_f:drill_sz_001,drill,drill_sz_001,pack_es_s_vs_f,2,free,,,,both_words_both_voices,suma,fuma,,,,,pack_es_s_vs_f,place,initial,spanish/drills/sergio/pack_es_s_vs_f/drill_sz_001_suma.mp3,https://padfntxzoxhozfjsqnzc.supabase.co/storage/v1/object/public/audio/spanish/drills/sergio/pack_es_s_vs_f/drill_sz_001_suma.mp3,spanish/drills/sergio/pack_es_s_vs_f/drill_sz_001_fuma.mp3,https://padfntxzoxhozfjsqnzc.supabase.co/storage/v1/object/public/audio/spanish/drills/sergio/pack_es_s_vs_f/drill_sz_001_fuma.mp3,spanish/drills/roma/pack_es_s_vs_f/drill_sz_001_suma.mp3,https://padfntxzoxhozfjsqnzc.supabase.co/storage/v1/object/public/audio/spanish/drills/roma/pack_es_s_vs_f/drill_sz_001_suma.mp3,spanish/drills/roma/pack_es_s_vs_f/drill_sz_001_fuma.mp3,https://padfntxzoxhozfjsqnzc.supabase.co/storage/v1/object/public/audio/spanish/drills/roma/pack_es_s_vs_f/drill_sz_001_fuma.mp3,Marco bisilábico controlado con vocales idénticas.,"Are both drill words natural, distinct, and appropriate for the stated Spanish contrast and position?",pass_or_flag_pack,,
drill:pack_es_t_vs_d:drill_thth_001,drill,drill_thth_001,pack_es_t_vs_d,3,free,,,,both_words_both_voices,tía,día,,,,,pack_es_t_vs_d,voicing,initial,spanish/drills/sergio/pack_es_t_vs_d/drill_thth_001_tia.mp3,https://padfntxzoxhozfjsqnzc.supabase.co/storage/v1/object/public/audio/spanish/drills/sergio/pack_es_t_vs_d/drill_thth_001_tia.mp3,spanish/drills/sergio/pack_es_t_vs_d/drill_thth_001_dia.mp3,https://padfntxzoxhozfjsqnzc.supabase.co/storage/v1/object/public/audio/spanish/drills/sergio/pack_es_t_vs_d/drill_thth_001_dia.mp3,spanish/drills/roma/pack_es_t_vs_d/drill_thth_001_tia.mp3,https://padfntxzoxhozfjsqnzc.supabase.co/storage/v1/object/public/audio/spanish/drills/roma/pack_es_t_vs_d/drill_thth_001_tia.mp3,spanish/drills/roma/pack_es_t_vs_d/drill_thth_001_dia.mp3,https://padfntxzoxhozfjsqnzc.supabase.co/storage/v1/object/public/audio/spanish/drills/roma/pack_es_t_vs_d/drill_thth_001_dia.mp3,Par bisílabo de alta familiaridad para contraste inicial /t/ vs /d/.,"Are both drill words natural, distinct, and appropriate for the stated Spanish contrast and position?",pass_or_flag_pack,,
drill:pack_k_vs_g:drill_kg_001,drill,drill_kg_001,pack_k_vs_g,1,free,,,,both_words_both_voices,cala,gala,,,,,pack_k_vs_g,voicing,initial,spanish/drills/sergio/pack_k_vs_g/drill_kg_001_cala.mp3,https://padfntxzoxhozfjsqnzc.supabase.co/storage/v1/object/public/audio/spanish/drills/sergio/pack_k_vs_g/drill_kg_001_cala.mp3,spanish/drills/sergio/pack_k_vs_g/drill_kg_001_gala.mp3,https://padfntxzoxhozfjsqnzc.supabase.co/storage/v1/object/public/audio/spanish/drills/sergio/pack_k_vs_g/drill_kg_001_gala.mp3,spanish/drills/roma/pack_k_vs_g/drill_kg_001_cala.mp3,https://padfntxzoxhozfjsqnzc.supabase.co/storage/v1/object/public/audio/spanish/drills/roma/pack_k_vs_g/drill_kg_001_cala.mp3,spanish/drills/roma/pack_k_vs_g/drill_kg_001_gala.mp3,https://padfntxzoxhozfjsqnzc.supabase.co/storage/v1/object/public/audio/spanish/drills/roma/pack_k_vs_g/drill_kg_001_gala.mp3,Contraste inicial bisilábico igualado y de alta familiaridad léxica.,"Are both drill words natural, distinct, and appropriate for the stated Spanish contrast and position?",pass_or_flag_pack,,
drill:pack_p_vs_b:drill_pb_001,drill,drill_pb_001,pack_p_vs_b,1,free,,,,both_words_both_voices,pala,bala,,,,,pack_p_vs_b,voicing,initial,spanish/drills/sergio/pack_p_vs_b/drill_pb_001_pala.mp3,https://padfntxzoxhozfjsqnzc.supabase.co/storage/v1/object/public/audio/spanish/drills/sergio/pack_p_vs_b/drill_pb_001_pala.mp3,spanish/drills/sergio/pack_p_vs_b/drill_pb_001_bala.mp3,https://padfntxzoxhozfjsqnzc.supabase.co/storage/v1/object/public/audio/spanish/drills/sergio/pack_p_vs_b/drill_pb_001_bala.mp3,spanish/drills/roma/pack_p_vs_b/drill_pb_001_pala.mp3,https://padfntxzoxhozfjsqnzc.supabase.co/storage/v1/object/public/audio/spanish/drills/roma/pack_p_vs_b/drill_pb_001_pala.mp3,spanish/drills/roma/pack_p_vs_b/drill_pb_001_bala.mp3,https://padfntxzoxhozfjsqnzc.supabase.co/storage/v1/object/public/audio/spanish/drills/roma/pack_p_vs_b/drill_pb_001_bala.mp3,Par inicial de alta familiaridad con marco vocálico igualado.,"Are both drill words natural, distinct, and appropriate for the stated Spanish contrast and position?",pass_or_flag_pack,,
drill:pack_t_vs_d:drill_td_001,drill,drill_td_001,pack_t_vs_d,1,free,,,,both_words_both_voices,tía,día,,,,,pack_t_vs_d,voicing,initial,spanish/drills/sergio/pack_t_vs_d/drill_td_001_tia.mp3,https://padfntxzoxhozfjsqnzc.supabase.co/storage/v1/object/public/audio/spanish/drills/sergio/pack_t_vs_d/drill_td_001_tia.mp3,spanish/drills/sergio/pack_t_vs_d/drill_td_001_dia.mp3,https://padfntxzoxhozfjsqnzc.supabase.co/storage/v1/object/public/audio/spanish/drills/sergio/pack_t_vs_d/drill_td_001_dia.mp3,spanish/drills/roma/pack_t_vs_d/drill_td_001_tia.mp3,https://padfntxzoxhozfjsqnzc.supabase.co/storage/v1/object/public/audio/spanish/drills/roma/pack_t_vs_d/drill_td_001_tia.mp3,spanish/drills/roma/pack_t_vs_d/drill_td_001_dia.mp3,https://padfntxzoxhozfjsqnzc.supabase.co/storage/v1/object/public/audio/spanish/drills/roma/pack_t_vs_d/drill_td_001_dia.mp3,Par inicial de alta familiaridad con contraste claro de sonoridad en la oclusiva.,"Are both drill words natural, distinct, and appropriate for the stated Spanish contrast and position?",pass_or_flag_pack,,
scenario:scn_coffee_order_01,scenario,scn_coffee_order_01,dining,2,free,dining,Orden de cafetería,Barista,assigned_speaker_voice,Buen día. ¿Qué puedo empezar por ti?,,,,,,,,,spanish/scenarios/sergio_roma/scn_coffee_order_01.mp3,https://padfntxzoxhozfjsqnzc.supabase.co/storage/v1/object/public/audio/spanish/scenarios/sergio_roma/scn_coffee_order_01.mp3,,,,,,,Connected Spanish speech for real-world listening transfer,"Is the utterance natural, intelligible, and appropriate for the scenario and speaker role?",pass_or_flag,,
scenario:scn_coffee_order_05,scenario,scn_coffee_order_05,dining,2,free,dining,Orden de cafetería,Barista,assigned_speaker_voice,Café con leche grande con leche de avena caliente con un trago extra. ¿Algo más?,,,,,,,,,spanish/scenarios/sergio_roma/scn_coffee_order_05.mp3,https://padfntxzoxhozfjsqnzc.supabase.co/storage/v1/object/public/audio/spanish/scenarios/sergio_roma/scn_coffee_order_05.mp3,,,,,,,Connected Spanish speech for real-world listening transfer,"Is the utterance natural, intelligible, and appropriate for the scenario and speaker role?",pass_or_flag,,
scenario:scn_movie_tickets_01,scenario,scn_movie_tickets_01,entertainment,2,standard,entertainment,Entradas de cine,Cashier,assigned_speaker_voice,Bienvenidos a Cine Estrella. ¿Qué película te gustaría ver?,,,,,,,,,spanish/scenarios/sergio_roma/scn_movie_tickets_01.mp3,https://padfntxzoxhozfjsqnzc.supabase.co/storage/v1/object/public/audio/spanish/scenarios/sergio_roma/scn_movie_tickets_01.mp3,,,,,,,Connected Spanish speech for real-world listening transfer,"Is the utterance natural, intelligible, and appropriate for the scenario and speaker role?",pass_or_flag,,
scenario:scn_movie_tickets_05,scenario,scn_movie_tickets_05,entertainment,2,standard,entertainment,Entradas de cine,Cashier,assigned_speaker_voice,IMAX cuesta seis dólares más por entrada.,,,,,,,,,spanish/scenarios/sergio_roma/scn_movie_tickets_05.mp3,https://padfntxzoxhozfjsqnzc.supabase.co/storage/v1/object/public/audio/spanish/scenarios/sergio_roma/scn_movie_tickets_05.mp3,,,,,,,Connected Spanish speech for real-world listening transfer,"Is the utterance natural, intelligible, and appropriate for the scenario and speaker role?",pass_or_flag,,
scenario:scn_drive_through_01,scenario,scn_drive_through_01,dining,3,standard,dining,Orden de autoservicio,Employee,assigned_speaker_voice,Bienvenido. ¿Puedo tomar tu pedido?,,,,,,,,,spanish/scenarios/sergio_roma/scn_drive_through_01.mp3,https://padfntxzoxhozfjsqnzc.supabase.co/storage/v1/object/public/audio/spanish/scenarios/sergio_roma/scn_drive_through_01.mp3,,,,,,,Connected Spanish speech for real-world listening transfer,"Is the utterance natural, intelligible, and appropriate for the scenario and speaker role?",pass_or_flag,,
scenario:scn_drive_through_05,scenario,scn_drive_through_05,dining,3,standard,dining,Orden de autoservicio,Employee,assigned_speaker_voice,La limonada está bien. ¿Algo más?,,,,,,,,,spanish/scenarios/sergio_roma/scn_drive_through_05.mp3,https://padfntxzoxhozfjsqnzc.supabase.co/storage/v1/object/public/audio/spanish/scenarios/sergio_roma/scn_drive_through_05.mp3,,,,,,,Connected Spanish speech for real-world listening transfer,"Is the utterance natural, intelligible, and appropriate for the scenario and speaker role?",pass_or_flag,,
scenario:scn_sports_game_01,scenario,scn_sports_game_01,entertainment,3,standard,entertainment,Salida de juegos deportivos,Friend A,assigned_speaker_voice,¿Puedes creer esa obra? El campocorto hizo una increíble atrapada en picada.,,,,,,,,,spanish/scenarios/sergio_roma/scn_sports_game_01.mp3,https://padfntxzoxhozfjsqnzc.supabase.co/storage/v1/object/public/audio/spanish/scenarios/sergio_roma/scn_sports_game_01.mp3,,,,,,,Connected Spanish speech for real-world listening transfer,"Is the utterance natural, intelligible, and appropriate for the scenario and speaker role?",pass_or_flag,,
scenario:scn_sports_game_05,scenario,scn_sports_game_05,entertainment,3,standard,entertainment,Salida de juegos deportivos,Friend A,assigned_speaker_voice,Sin prisas. Es sólo la quinta entrada. El marcador sigue siendo de tres a uno.,,,,,,,,,spanish/scenarios/sergio_roma/scn_sports_game_05.mp3,https://padfntxzoxhozfjsqnzc.supabase.co/storage/v1/object/public/audio/spanish/scenarios/sergio_roma/scn_sports_game_05.mp3,,,,,,,Connected Spanish speech for real-world listening transfer,"Is the utterance natural, intelligible, and appropriate for the scenario and speaker role?",pass_or_flag,,
scenario:scn_mental_health_intake_01,scenario,scn_mental_health_intake_01,medical,4,premium,medical,Cita de admisión de bienestar,Coordinator,assigned_speaker_voice,"Bienvenido. Esta es su primera visita, así que dedicaremos algún tiempo a revisar el papeleo y conocerlo.",,,,,,,,,spanish/scenarios/sergio_roma/scn_mental_health_intake_01.mp3,https://padfntxzoxhozfjsqnzc.supabase.co/storage/v1/object/public/audio/spanish/scenarios/sergio_roma/scn_mental_health_intake_01.mp3,,,,,,,Connected Spanish speech for real-world listening transfer,"Is the utterance natural, intelligible, and appropriate for the scenario and speaker role?",pass_or_flag,,
scenario:scn_mental_health_intake_05,scenario,scn_mental_health_intake_05,medical,4,premium,medical,Cita de admisión de bienestar,Coordinator,assigned_speaker_voice,Me alegra que te hayas acercado. ¿Puedes decirme si alguna vez has hablado con un consejero?,,,,,,,,,spanish/scenarios/sergio_roma/scn_mental_health_intake_05.mp3,https://padfntxzoxhozfjsqnzc.supabase.co/storage/v1/object/public/audio/spanish/scenarios/sergio_roma/scn_mental_health_intake_05.mp3,,,,,,,Connected Spanish speech for real-world listening transfer,"Is the utterance natural, intelligible, and appropriate for the scenario and speaker role?",pass_or_flag,,
scenario:scn_client_call_01,scenario,scn_client_call_01,phone,4,premium,phone,Llamada telefónica del cliente,Account Manager,assigned_speaker_voice,Buenos días Andrea. Gracias por dedicar tiempo a esta llamada. Quería hablar sobre el cronograma del proyecto.,,,,,,,,,spanish/scenarios/sergio_roma/scn_client_call_01.mp3,https://padfntxzoxhozfjsqnzc.supabase.co/storage/v1/object/public/audio/spanish/scenarios/sergio_roma/scn_client_call_01.mp3,,,,,,,Connected Spanish speech for real-world listening transfer,"Is the utterance natural, intelligible, and appropriate for the scenario and speaker role?",pass_or_flag,,
scenario:scn_client_call_05,scenario,scn_client_call_05,phone,4,premium,phone,Llamada telefónica del cliente,Account Manager,assigned_speaker_voice,Eso está apretado. Necesitaríamos obtener todo su contenido y aprobaciones antes del quince de marzo. ¿Es eso realista de tu parte?,,,,,,,,,spanish/scenarios/sergio_roma/scn_client_call_05.mp3,https://padfntxzoxhozfjsqnzc.supabase.co/storage/v1/object/public/audio/spanish/scenarios/sergio_roma/scn_client_call_05.mp3,,,,,,,Connected Spanish speech for real-world listening transfer,"Is the utterance natural, intelligible, and appropriate for the scenario and speaker role?",pass_or_flag,,
